nohup: ignoring input
========== RUN 1: K=20 ==========
/home/huynguyenquang/CoNTM_baseline/.venv/lib/python3.13/site-packages/torch/cuda/__init__.py:180: UserWarning: CUDA initialization: The NVIDIA driver on your system is too old (found version 12090). Please update your GPU driver by downloading and installing a new version from the URL: http://www.nvidia.com/Download/index.aspx Alternatively, go to: https://pytorch.org to install a PyTorch version that has been compiled with your version of the CUDA driver. (Triggered internally at /pytorch/c10/cuda/CUDAFunctions.cpp:119.)
  return torch._C._cuda_getDeviceCount() > 0

 Configuration:
  alpha: 0.9
  batch_size: 256
  data_dir: data/NIPS
  device: cpu
  dropout: 0.2
  enc_hidden: 256
  epochs: 200
  kappa: 0.7
  kl_warmup_epochs: 30
  lr: 0.002
  n_topics: 20
  npmi_top_n: 10
  output_dir: outputs_k20
  patience: 15
  seed: 42
  tau0: 1.0
  top_m: 15
  weight_decay: 1e-06

Loaded corpus: 6733 vocab, 11 timestamps, 218871 train docs, 27359 val docs, 27359 test docs

======================================================================
 CoNTM: 11 timestamps, 20 topics, V=6733
 Hyperparams: κ=0.7, τ₀=1.0, lr=0.002, hidden=256, α=0.9
 Device: cpu
======================================================================


────────────────────────────────────────────────────────────
 Timestamp 1/11: 1987-1989 (5251 train docs)
────────────────────────────────────────────────────────────
  Epoch   1 | Loss 378.81 (recon 378.13 + kl 20.54 * 0.03) | Val 423.76 | Test 408.26 *
  Epoch   2 | Loss 357.80 (recon 355.68 + kl 31.88 * 0.07) | Val 408.35 | Test 393.01 *
  Epoch   3 | Loss 347.22 (recon 344.43 + kl 27.95 * 0.10) | Val 406.23 | Test 391.13 *
  Epoch   4 | Loss 339.14 (recon 335.64 + kl 26.30 * 0.13) | Val 392.11 | Test 377.15 *
  Epoch   5 | Loss 334.71 (recon 330.48 + kl 25.33 * 0.17) | Val 373.67 | Test 359.37 *
  Epoch   6 | Loss 331.20 (recon 326.22 + kl 24.90 * 0.20) | Val 365.55 | Test 351.31 *
  Epoch   7 | Loss 328.16 (recon 322.48 + kl 24.34 * 0.23) | Val 360.00 | Test 345.94 *
  Epoch   8 | Loss 324.72 (recon 318.40 + kl 23.72 * 0.27) | Val 359.12 | Test 345.76 *
  Epoch   9 | Loss 323.03 (recon 315.94 + kl 23.64 * 0.30) | Val 355.59 | Test 342.27 *
  Epoch  10 | Loss 322.12 (recon 314.38 + kl 23.21 * 0.33) | Val 355.02 | Test 342.45
  Epoch  12 | Loss 318.49 (recon 309.54 + kl 22.39 * 0.40) | Val 347.66 | Test 334.91 *
  Epoch  13 | Loss 316.10 (recon 306.55 + kl 22.03 * 0.43) | Val 346.67 | Test 333.59 *
  Epoch  15 | Loss 314.56 (recon 303.92 + kl 21.28 * 0.50) | Val 345.65 | Test 332.95 *
  Epoch  17 | Loss 314.24 (recon 302.57 + kl 20.61 * 0.57) | Val 344.68 | Test 332.48 *
  Epoch  18 | Loss 313.53 (recon 301.46 + kl 20.12 * 0.60) | Val 343.65 | Test 330.40 *
  Epoch  19 | Loss 312.87 (recon 300.20 + kl 20.00 * 0.63) | Val 341.86 | Test 329.31 *
  Epoch  20 | Loss 312.34 (recon 299.20 + kl 19.71 * 0.67) | Val 340.54 | Test 327.97 *
  Epoch  22 | Loss 311.85 (recon 297.96 + kl 18.95 * 0.73) | Val 339.66 | Test 326.61 *
  Epoch  23 | Loss 312.01 (recon 297.61 + kl 18.78 * 0.77) | Val 339.40 | Test 327.54 *
  Epoch  25 | Loss 311.65 (recon 296.40 + kl 18.29 * 0.83) | Val 337.20 | Test 324.37 *
  Epoch  30 | Loss 311.57 (recon 294.83 + kl 16.73 * 1.00) | Val 334.49 | Test 322.58 *
  Epoch  31 | Loss 311.21 (recon 294.69 + kl 16.52 * 1.00) | Val 334.43 | Test 322.19 *
  Epoch  34 | Loss 309.35 (recon 292.77 + kl 16.58 * 1.00) | Val 334.57 | Test 321.54 *
  Epoch  36 | Loss 309.33 (recon 292.80 + kl 16.53 * 1.00) | Val 332.88 | Test 320.77 *
  Epoch  38 | Loss 307.55 (recon 291.12 + kl 16.42 * 1.00) | Val 331.85 | Test 319.46 *
  Epoch  40 | Loss 307.59 (recon 290.97 + kl 16.62 * 1.00) | Val 331.42 | Test 320.08 *
  Epoch  43 | Loss 305.51 (recon 288.84 + kl 16.67 * 1.00) | Val 331.07 | Test 319.42 *
  Epoch  44 | Loss 306.15 (recon 289.50 + kl 16.65 * 1.00) | Val 330.92 | Test 318.70 *
  Epoch  45 | Loss 305.37 (recon 288.95 + kl 16.42 * 1.00) | Val 330.82 | Test 318.24 *
  Epoch  46 | Loss 305.32 (recon 288.77 + kl 16.55 * 1.00) | Val 329.86 | Test 318.02 *
  Epoch  47 | Loss 305.17 (recon 288.61 + kl 16.56 * 1.00) | Val 329.86 | Test 318.08 *
  Epoch  50 | Loss 303.95 (recon 287.41 + kl 16.54 * 1.00) | Val 329.64 | Test 317.36 *
  Epoch  51 | Loss 303.63 (recon 287.03 + kl 16.59 * 1.00) | Val 329.30 | Test 317.10 *
  Epoch  53 | Loss 303.88 (recon 287.34 + kl 16.54 * 1.00) | Val 329.16 | Test 317.02 *
  Epoch  57 | Loss 303.54 (recon 286.93 + kl 16.61 * 1.00) | Val 329.37 | Test 316.69 *
  Epoch  59 | Loss 302.22 (recon 285.76 + kl 16.46 * 1.00) | Val 328.82 | Test 316.26 *
  Epoch  60 | Loss 301.97 (recon 285.23 + kl 16.74 * 1.00) | Val 328.43 | Test 316.63
  Epoch  62 | Loss 302.08 (recon 285.47 + kl 16.60 * 1.00) | Val 327.88 | Test 316.18 *
  Epoch  64 | Loss 301.59 (recon 285.12 + kl 16.47 * 1.00) | Val 327.82 | Test 315.72 *
  Epoch  70 | Loss 300.59 (recon 283.94 + kl 16.66 * 1.00) | Val 327.37 | Test 315.56 *
  Epoch  71 | Loss 300.60 (recon 284.08 + kl 16.52 * 1.00) | Val 326.95 | Test 314.90 *
  Epoch  72 | Loss 299.77 (recon 283.19 + kl 16.58 * 1.00) | Val 326.52 | Test 314.35 *
  Epoch  73 | Loss 299.48 (recon 282.89 + kl 16.59 * 1.00) | Val 326.60 | Test 314.68 *
  Epoch  76 | Loss 299.57 (recon 283.01 + kl 16.56 * 1.00) | Val 326.05 | Test 314.13 *
  Epoch  79 | Loss 298.91 (recon 282.34 + kl 16.58 * 1.00) | Val 326.54 | Test 314.34 *
  Epoch  80 | Loss 298.86 (recon 282.29 + kl 16.57 * 1.00) | Val 326.19 | Test 314.52
  Epoch  81 | Loss 298.85 (recon 282.33 + kl 16.52 * 1.00) | Val 326.06 | Test 314.55 *
  Epoch  88 | Loss 297.94 (recon 281.36 + kl 16.59 * 1.00) | Val 325.38 | Test 313.90 *
  Epoch  90 | Loss 297.67 (recon 281.09 + kl 16.59 * 1.00) | Val 325.74 | Test 314.11
  Epoch  91 | Loss 297.62 (recon 281.10 + kl 16.52 * 1.00) | Val 325.63 | Test 313.57 *
  Epoch  94 | Loss 298.07 (recon 281.56 + kl 16.50 * 1.00) | Val 325.44 | Test 313.94 *
  Epoch 100 | Loss 297.33 (recon 280.76 + kl 16.57 * 1.00) | Val 325.24 | Test 313.25
  Epoch 102 | Loss 297.27 (recon 280.66 + kl 16.60 * 1.00) | Val 324.99 | Test 313.18 *
  Epoch 103 | Loss 296.85 (recon 280.19 + kl 16.66 * 1.00) | Val 325.27 | Test 313.22 *
  Epoch 105 | Loss 296.80 (recon 280.27 + kl 16.52 * 1.00) | Val 325.02 | Test 313.35 *
  Epoch 110 | Loss 297.61 (recon 280.99 + kl 16.63 * 1.00) | Val 324.87 | Test 313.50
  Epoch 116 | Loss 296.39 (recon 279.82 + kl 16.57 * 1.00) | Val 325.22 | Test 313.14 *
  Epoch 120 | Loss 296.82 (recon 280.24 + kl 16.58 * 1.00) | Val 324.92 | Test 313.10 *
  Epoch 124 | Loss 296.83 (recon 280.25 + kl 16.57 * 1.00) | Val 324.92 | Test 313.16 *
  Epoch 128 | Loss 296.93 (recon 280.29 + kl 16.64 * 1.00) | Val 324.87 | Test 313.12 *
  Epoch 130 | Loss 296.35 (recon 279.81 + kl 16.54 * 1.00) | Val 324.94 | Test 312.83
  Epoch 137 | Loss 295.99 (recon 279.39 + kl 16.60 * 1.00) | Val 324.76 | Test 313.08 *
  Epoch 140 | Loss 296.83 (recon 280.30 + kl 16.54 * 1.00) | Val 324.81 | Test 312.93
  Epoch 143 | Loss 296.10 (recon 279.54 + kl 16.56 * 1.00) | Val 324.95 | Test 313.26 *
  Epoch 144 | Loss 296.46 (recon 279.89 + kl 16.57 * 1.00) | Val 324.70 | Test 313.00 *
  Epoch 150 | Loss 297.03 (recon 280.52 + kl 16.51 * 1.00) | Val 324.84 | Test 313.11
  Early stopping at epoch 159 (patience=15)

  Results for T0 (1987-1989):
    TC (NPMI):   -0.2554
    TD:          0.9986
    IRBO:        0.9998
    TQ:          -0.2550
    PPL (next):  1789.21
    ρ_t:         0.6156
    Train time:  243.4s

============================================================
 Topics (T0 (1987-1989)): 20 topics
============================================================
  [ 0] hardware, processors, computers, cmos, chips, neural, fabricated, silicon, devices, chip
  [ 1] error, propagation, gaussian, hidden, classifiers, converged, rbf, training, knn, momentum
  [ 2] regular, samples, data, profile, interpolation, bayes, profiles, person, illumination, moments
  [ 3] pole, contents, reward, guess, weather, representations, drug, priori, sleep, space
  [ 4] slice, input, spatio, delay, slices, patterns, time, recurrent, layer, delays
  [ 5] cortex, cortical, anatomical, axons, cells, projections, rat, physiological, nucleus, centers
  [ 6] competitive, unsupervised, output, visible, hybrid, self, weights, thresholded, fabricated, feedback
  [ 7] song, birds, defense, hamming, pipeline, commands, arm, leg, states, agency
  [ 8] nervous, movements, tracking, sensory, locomotion, controller, behaviors, food, hypothesized, systems
  [ 9] david, national, intelligence, san, proceedings, research, supported, sciences, science, grant
  [10] equations, minima, equilibrium, gradient, lagrange, equation, algebraic, lyapunov, saddle, hamiltonian
  [11] circle, divide, slack, bid, rows, separability, normalised, let, planes, anomalous
  [12] image, visual, direction, echo, object, velocity, camera, rotation, axis, motion
  [13] identically, pdf, ensemble, quantity, entropy, delta, signal, maximize, maximized, principle
  [14] burst, bursts, spike, period, postsynaptic, firing, refractory, pulses, resting, potentials
  [15] capacity, recall, forgetting, memories, learnt, perfectly, memory, size, modes, schemes
  [16] circuit, gated, sutton, current, barto, actions, unbounded, adaptation, voltage, differential
  [17] expert, sentences, speech, recognition, parsing, database, speaker, score, patient, vehicle
  [18] activation, unit, units, wta, pool, binding, clause, active, explorations, mcclelland
  [19] reinforcement, examples, nat, adapt, environment, circumstances, tolerant, maintains, getting, learned


────────────────────────────────────────────────────────────
 Timestamp 2/11: 1990-1992 (7021 train docs)
────────────────────────────────────────────────────────────
  Epoch   1 | Loss 378.13 (recon 376.98 + kl 34.43 * 0.03) | Val 412.18 | Test 423.11 *
  Epoch   2 | Loss 354.77 (recon 352.01 + kl 41.40 * 0.07) | Val 401.29 | Test 412.15 *
  Epoch   3 | Loss 344.97 (recon 341.37 + kl 35.99 * 0.10) | Val 381.75 | Test 392.00 *
  Epoch   4 | Loss 338.85 (recon 334.49 + kl 32.73 * 0.13) | Val 352.85 | Test 362.09 *
  Epoch   5 | Loss 334.10 (recon 329.01 + kl 30.54 * 0.17) | Val 348.25 | Test 357.50 *
  Epoch   6 | Loss 330.25 (recon 324.44 + kl 29.07 * 0.20) | Val 347.31 | Test 356.79 *
  Epoch   7 | Loss 329.42 (recon 322.89 + kl 27.98 * 0.23) | Val 341.52 | Test 351.03 *
  Epoch   8 | Loss 326.82 (recon 319.55 + kl 27.26 * 0.27) | Val 336.88 | Test 346.19 *
  Epoch   9 | Loss 325.40 (recon 317.38 + kl 26.73 * 0.30) | Val 336.22 | Test 345.18 *
  Epoch  10 | Loss 323.89 (recon 315.25 + kl 25.92 * 0.33) | Val 335.23 | Test 344.23 *
  Epoch  11 | Loss 322.46 (recon 313.17 + kl 25.35 * 0.37) | Val 332.17 | Test 341.08 *
  Epoch  12 | Loss 322.02 (recon 312.15 + kl 24.67 * 0.40) | Val 330.67 | Test 339.67 *
  Epoch  13 | Loss 321.33 (recon 310.74 + kl 24.44 * 0.43) | Val 328.57 | Test 337.60 *
  Epoch  15 | Loss 319.50 (recon 307.96 + kl 23.07 * 0.50) | Val 325.93 | Test 334.45 *
  Epoch  16 | Loss 319.28 (recon 307.19 + kl 22.67 * 0.53) | Val 325.27 | Test 334.07 *
  Epoch  18 | Loss 319.05 (recon 305.92 + kl 21.87 * 0.60) | Val 322.13 | Test 330.72 *
  Epoch  20 | Loss 318.75 (recon 304.80 + kl 20.92 * 0.67) | Val 322.43 | Test 330.98
  Epoch  23 | Loss 318.24 (recon 303.09 + kl 19.77 * 0.77) | Val 319.82 | Test 328.59 *
  Epoch  30 | Loss 318.44 (recon 301.22 + kl 17.22 * 1.00) | Val 317.12 | Test 325.85
  Epoch  31 | Loss 317.77 (recon 300.52 + kl 17.24 * 1.00) | Val 316.89 | Test 325.50 *
  Epoch  32 | Loss 317.60 (recon 300.40 + kl 17.20 * 1.00) | Val 316.37 | Test 325.23 *
  Epoch  34 | Loss 316.91 (recon 299.64 + kl 17.27 * 1.00) | Val 316.77 | Test 325.10 *
  Epoch  38 | Loss 315.76 (recon 298.66 + kl 17.10 * 1.00) | Val 315.13 | Test 323.84 *
  Epoch  40 | Loss 316.56 (recon 299.53 + kl 17.03 * 1.00) | Val 315.05 | Test 323.49
  Epoch  43 | Loss 314.96 (recon 297.91 + kl 17.05 * 1.00) | Val 314.91 | Test 323.21 *
  Epoch  45 | Loss 314.30 (recon 297.28 + kl 17.02 * 1.00) | Val 314.52 | Test 323.58 *
  Epoch  50 | Loss 313.22 (recon 296.33 + kl 16.90 * 1.00) | Val 314.49 | Test 323.15
  Epoch  51 | Loss 313.30 (recon 296.36 + kl 16.94 * 1.00) | Val 314.08 | Test 322.28 *
  Epoch  53 | Loss 313.60 (recon 296.73 + kl 16.88 * 1.00) | Val 313.69 | Test 322.25 *
  Epoch  54 | Loss 313.60 (recon 296.82 + kl 16.77 * 1.00) | Val 313.99 | Test 322.17 *
  Epoch  55 | Loss 313.62 (recon 296.63 + kl 17.00 * 1.00) | Val 313.91 | Test 322.02 *
  Epoch  59 | Loss 312.79 (recon 295.96 + kl 16.83 * 1.00) | Val 313.65 | Test 322.20 *
  Epoch  60 | Loss 312.82 (recon 295.96 + kl 16.86 * 1.00) | Val 313.74 | Test 322.26
  Epoch  61 | Loss 312.87 (recon 295.81 + kl 17.06 * 1.00) | Val 313.12 | Test 321.43 *
  Epoch  62 | Loss 313.47 (recon 296.84 + kl 16.64 * 1.00) | Val 313.12 | Test 321.51 *
  Epoch  64 | Loss 311.92 (recon 295.04 + kl 16.88 * 1.00) | Val 313.38 | Test 321.24 *
  Epoch  65 | Loss 312.64 (recon 295.92 + kl 16.72 * 1.00) | Val 312.99 | Test 321.34 *
  Epoch  67 | Loss 311.59 (recon 294.73 + kl 16.86 * 1.00) | Val 313.26 | Test 321.24 *
  Epoch  70 | Loss 311.38 (recon 294.60 + kl 16.78 * 1.00) | Val 312.84 | Test 320.99
  Epoch  71 | Loss 311.31 (recon 294.61 + kl 16.70 * 1.00) | Val 312.35 | Test 320.49 *
  Epoch  77 | Loss 311.09 (recon 294.33 + kl 16.76 * 1.00) | Val 312.62 | Test 320.71 *
  Epoch  79 | Loss 311.13 (recon 294.35 + kl 16.78 * 1.00) | Val 312.33 | Test 320.53 *
  Epoch  80 | Loss 309.50 (recon 292.80 + kl 16.70 * 1.00) | Val 312.25 | Test 320.61
  Epoch  81 | Loss 309.82 (recon 293.15 + kl 16.67 * 1.00) | Val 312.20 | Test 320.39 *
  Epoch  83 | Loss 310.31 (recon 293.62 + kl 16.69 * 1.00) | Val 312.13 | Test 320.46 *
  Epoch  84 | Loss 309.55 (recon 292.84 + kl 16.71 * 1.00) | Val 312.13 | Test 320.63 *
  Epoch  86 | Loss 309.72 (recon 293.05 + kl 16.67 * 1.00) | Val 311.59 | Test 319.84 *
  Epoch  90 | Loss 310.15 (recon 293.47 + kl 16.68 * 1.00) | Val 311.80 | Test 320.26
  Epoch  91 | Loss 311.27 (recon 294.44 + kl 16.83 * 1.00) | Val 311.78 | Test 319.96 *
  Epoch  98 | Loss 309.30 (recon 292.63 + kl 16.67 * 1.00) | Val 311.09 | Test 319.47 *
  Epoch 100 | Loss 308.92 (recon 292.29 + kl 16.63 * 1.00) | Val 311.24 | Test 319.56
  Epoch 101 | Loss 308.72 (recon 292.08 + kl 16.64 * 1.00) | Val 311.22 | Test 319.31 *
  Epoch 102 | Loss 308.21 (recon 291.50 + kl 16.70 * 1.00) | Val 310.97 | Test 319.02 *
  Epoch 110 | Loss 308.64 (recon 292.02 + kl 16.63 * 1.00) | Val 310.79 | Test 318.92 *
  Epoch 120 | Loss 307.12 (recon 290.50 + kl 16.62 * 1.00) | Val 310.74 | Test 318.88
  Epoch 124 | Loss 308.16 (recon 291.45 + kl 16.72 * 1.00) | Val 310.35 | Test 318.52 *
  Epoch 130 | Loss 307.01 (recon 290.36 + kl 16.65 * 1.00) | Val 310.50 | Test 318.49
  Early stopping at epoch 139 (patience=15)

  Results for T1 (1990-1992):
    TC (NPMI):   -0.1857
    TD:          0.9961
    IRBO:        0.9989
    TQ:          -0.1850
    PPL (next):  1246.80
    ρ_t:         0.4635
    Train time:  294.8s

============================================================
 Topics (T1 (1990-1992)): 20 topics
============================================================
  [ 0] chip, chips, processors, hardware, processor, board, analog, digital, vlsi, implementation
  [ 1] rbf, performance, training, error, centers, mlp, initialization, hidden, ran, test
  [ 2] bootstrap, sample, protein, proteins, data, samples, fit, vapnik, annals, acid
  [ 3] heavy, exploration, hints, memory, cue, access, agent, intersection, cues, tensor
  [ 4] warping, state, delay, time, recurrent, warped, discrete, chen, stack, symbol
  [ 5] cortex, cortical, ocular, dendritic, cat, formation, dominance, cells, projections, interactions
  [ 6] principal, steering, weight, vector, road, weights, cos, anti, rotations, ascent
  [ 7] kinematic, arm, kinematics, robot, configuration, joints, motor, state, joint, execution
  [ 8] popular, methods, future, animal, eds, principles, control, posed, uncertainty, connectionist
  [ 9] science, grant, department, institute, thank, david, national, editors, discussions, john
  [10] planck, lagrangian, annealing, convergence, equation, eigenvalue, calculation, vanishes, prescribed, diffusion
  [11] def, let, office, block, corollary, connects, comparator, contract, sine, rank
  [12] image, motion, orientation, images, field, grid, spatial, edge, edges, illumination
  [13] probability, information, posteriori, entropy, maximizes, probabilities, prior, traffic, posterior, mutual
  [14] amplitude, burst, modulation, response, conductance, bursts, membrane, tone, period, spike
  [15] capacity, size, pruning, weights, bound, eigenvalue, smallest, decay, generalization, extracted
  [16] mlps, membership, adopted, model, current, state, membrane, correlates, hmms, adapted
  [17] speakers, speaker, utterances, sentences, male, spoken, speech, language, english, female
  [18] units, unit, winner, foundations, stress, phrases, generations, gaps, figure, regulatory
  [19] reinforcement, learning, learner, concept, committee, tesauro, game, tracker, queries, adversary


────────────────────────────────────────────────────────────
 Timestamp 3/11: 1993-1995 (7796 train docs)
────────────────────────────────────────────────────────────
  Epoch   1 | Loss 382.15 (recon 380.93 + kl 36.34 * 0.03) | Val 436.14 | Test 427.95 *
  Epoch   2 | Loss 357.09 (recon 354.32 + kl 41.56 * 0.07) | Val 427.16 | Test 419.20 *
  Epoch   3 | Loss 346.12 (recon 342.37 + kl 37.49 * 0.10) | Val 394.32 | Test 387.22 *
  Epoch   4 | Loss 341.04 (recon 336.53 + kl 33.87 * 0.13) | Val 376.95 | Test 369.90 *
  Epoch   5 | Loss 336.24 (recon 330.96 + kl 31.66 * 0.17) | Val 371.97 | Test 365.40 *
  Epoch   7 | Loss 330.77 (recon 323.98 + kl 29.09 * 0.23) | Val 361.57 | Test 355.34 *
  Epoch   8 | Loss 328.93 (recon 321.45 + kl 28.04 * 0.27) | Val 360.03 | Test 353.31 *
  Epoch   9 | Loss 327.40 (recon 319.19 + kl 27.35 * 0.30) | Val 354.91 | Test 348.38 *
  Epoch  10 | Loss 326.27 (recon 317.39 + kl 26.64 * 0.33) | Val 355.33 | Test 348.46
  Epoch  12 | Loss 324.77 (recon 314.64 + kl 25.33 * 0.40) | Val 351.49 | Test 345.01 *
  Epoch  13 | Loss 323.36 (recon 312.66 + kl 24.71 * 0.43) | Val 350.82 | Test 344.43 *
  Epoch  14 | Loss 323.15 (recon 311.86 + kl 24.19 * 0.47) | Val 350.01 | Test 343.19 *
  Epoch  16 | Loss 322.22 (recon 309.93 + kl 23.06 * 0.53) | Val 345.95 | Test 339.70 *
  Epoch  17 | Loss 322.11 (recon 309.32 + kl 22.56 * 0.57) | Val 345.31 | Test 339.35 *
  Epoch  19 | Loss 322.41 (recon 308.63 + kl 21.75 * 0.63) | Val 343.67 | Test 337.29 *
  Epoch  20 | Loss 321.51 (recon 307.29 + kl 21.34 * 0.67) | Val 342.29 | Test 335.78 *
  Epoch  22 | Loss 321.93 (recon 306.89 + kl 20.51 * 0.73) | Val 341.86 | Test 335.39 *
  Epoch  25 | Loss 322.35 (recon 306.42 + kl 19.12 * 0.83) | Val 341.08 | Test 334.63 *
  Epoch  27 | Loss 322.22 (recon 305.57 + kl 18.49 * 0.90) | Val 340.30 | Test 333.85 *
  Epoch  30 | Loss 322.09 (recon 304.75 + kl 17.34 * 1.00) | Val 338.52 | Test 332.07 *
  Epoch  31 | Loss 322.11 (recon 304.79 + kl 17.32 * 1.00) | Val 338.41 | Test 332.45 *
  Epoch  32 | Loss 322.41 (recon 305.22 + kl 17.19 * 1.00) | Val 338.03 | Test 331.89 *
  Epoch  35 | Loss 321.13 (recon 304.12 + kl 17.01 * 1.00) | Val 338.43 | Test 332.09 *
  Epoch  36 | Loss 320.53 (recon 303.45 + kl 17.07 * 1.00) | Val 336.92 | Test 330.73 *
  Epoch  38 | Loss 319.74 (recon 302.84 + kl 16.90 * 1.00) | Val 336.58 | Test 330.52 *
  Epoch  39 | Loss 319.11 (recon 302.14 + kl 16.96 * 1.00) | Val 336.27 | Test 329.98 *
  Epoch  40 | Loss 319.49 (recon 302.52 + kl 16.97 * 1.00) | Val 336.72 | Test 330.43
  Epoch  42 | Loss 319.07 (recon 302.23 + kl 16.84 * 1.00) | Val 336.10 | Test 329.86 *
  Epoch  44 | Loss 318.18 (recon 301.39 + kl 16.79 * 1.00) | Val 335.66 | Test 329.58 *
  Epoch  45 | Loss 317.85 (recon 301.09 + kl 16.76 * 1.00) | Val 335.55 | Test 329.30 *
  Epoch  48 | Loss 317.73 (recon 301.01 + kl 16.72 * 1.00) | Val 334.94 | Test 328.88 *
  Epoch  50 | Loss 317.38 (recon 300.52 + kl 16.86 * 1.00) | Val 335.08 | Test 329.13
  Epoch  54 | Loss 316.25 (recon 299.58 + kl 16.67 * 1.00) | Val 334.88 | Test 328.60 *
  Epoch  55 | Loss 315.61 (recon 298.92 + kl 16.69 * 1.00) | Val 334.28 | Test 328.05 *
  Epoch  58 | Loss 316.08 (recon 299.42 + kl 16.66 * 1.00) | Val 333.93 | Test 327.82 *
  Epoch  60 | Loss 315.93 (recon 299.24 + kl 16.69 * 1.00) | Val 334.03 | Test 327.79
  Epoch  61 | Loss 315.40 (recon 298.78 + kl 16.63 * 1.00) | Val 334.28 | Test 328.02 *
  Epoch  64 | Loss 314.70 (recon 298.01 + kl 16.69 * 1.00) | Val 333.82 | Test 327.27 *
  Epoch  65 | Loss 315.38 (recon 298.82 + kl 16.55 * 1.00) | Val 333.42 | Test 327.17 *
  Epoch  66 | Loss 313.80 (recon 297.19 + kl 16.61 * 1.00) | Val 333.19 | Test 326.86 *
  Epoch  69 | Loss 314.43 (recon 297.81 + kl 16.62 * 1.00) | Val 333.20 | Test 327.06 *
  Epoch  70 | Loss 314.50 (recon 297.90 + kl 16.60 * 1.00) | Val 333.38 | Test 327.17
  Epoch  71 | Loss 314.21 (recon 297.56 + kl 16.65 * 1.00) | Val 333.63 | Test 327.31 *
  Epoch  73 | Loss 314.62 (recon 297.93 + kl 16.69 * 1.00) | Val 332.76 | Test 326.91 *
  Epoch  80 | Loss 312.20 (recon 295.60 + kl 16.60 * 1.00) | Val 332.43 | Test 326.02 *
  Epoch  82 | Loss 312.18 (recon 295.65 + kl 16.53 * 1.00) | Val 332.02 | Test 326.18 *
  Epoch  85 | Loss 311.85 (recon 295.22 + kl 16.63 * 1.00) | Val 332.09 | Test 325.95 *
  Epoch  88 | Loss 312.19 (recon 295.71 + kl 16.48 * 1.00) | Val 331.92 | Test 325.88 *
  Epoch  90 | Loss 311.83 (recon 295.22 + kl 16.60 * 1.00) | Val 332.05 | Test 325.88
  Epoch  92 | Loss 311.79 (recon 295.31 + kl 16.48 * 1.00) | Val 332.09 | Test 325.94 *
  Epoch  95 | Loss 311.29 (recon 294.63 + kl 16.66 * 1.00) | Val 331.69 | Test 325.70 *
  Epoch  98 | Loss 311.31 (recon 294.69 + kl 16.62 * 1.00) | Val 331.63 | Test 325.50 *
  Epoch  99 | Loss 311.74 (recon 295.08 + kl 16.67 * 1.00) | Val 331.57 | Test 325.67 *
  Epoch 100 | Loss 311.11 (recon 294.38 + kl 16.73 * 1.00) | Val 331.66 | Test 325.82 *
  Epoch 107 | Loss 310.58 (recon 293.90 + kl 16.68 * 1.00) | Val 331.37 | Test 325.50 *
  Epoch 109 | Loss 310.95 (recon 294.27 + kl 16.68 * 1.00) | Val 331.28 | Test 325.40 *
  Epoch 110 | Loss 310.53 (recon 293.81 + kl 16.72 * 1.00) | Val 331.24 | Test 325.20 *
  Epoch 116 | Loss 311.07 (recon 294.34 + kl 16.73 * 1.00) | Val 331.50 | Test 325.36 *
  Epoch 117 | Loss 310.41 (recon 293.76 + kl 16.64 * 1.00) | Val 331.55 | Test 325.56 *
  Epoch 120 | Loss 310.14 (recon 293.42 + kl 16.73 * 1.00) | Val 331.46 | Test 325.46
  Epoch 126 | Loss 311.05 (recon 294.48 + kl 16.57 * 1.00) | Val 331.37 | Test 325.48 *
  Epoch 130 | Loss 310.70 (recon 293.98 + kl 16.72 * 1.00) | Val 331.43 | Test 325.52
  Epoch 131 | Loss 310.04 (recon 293.37 + kl 16.67 * 1.00) | Val 331.06 | Test 325.31 *
  Epoch 140 | Loss 310.73 (recon 294.10 + kl 16.62 * 1.00) | Val 331.36 | Test 325.09
  Early stopping at epoch 146 (patience=15)

  Results for T2 (1993-1995):
    TC (NPMI):   -0.1797
    TD:          0.9986
    IRBO:        0.9991
    TQ:          -0.1795
    PPL (next):  1187.24
    ρ_t:         0.3789
    Train time:  341.4s

============================================================
 Topics (T2 (1993-1995)): 20 topics
============================================================
  [ 0] chips, hardware, chip, digital, fabricated, implementation, analog, cmos, parallelism, processors
  [ 1] mlp, regression, validation, gains, epochs, rbf, bootstrap, standard, mse, conjugate
  [ 2] data, unlabeled, classifiers, learnable, classification, class, labels, classes, queries, kearns
  [ 3] agent, action, hyperplanes, manifolds, hyperplane, memory, nearest, neighbors, planes, discounted
  [ 4] automata, sequence, sinusoidal, oscillation, sequences, discrete, periodic, cycle, cycles, automaton
  [ 5] cortex, organization, cortical, olfactory, interneurons, connections, dominance, ocular, lateral, odor
  [ 6] vector, kohonen, rule, template, vectors, output, shifted, weight, codebook, inner
  [ 7] arm, robot, joints, kinematics, controller, set, obstacles, setup, generated, control
  [ 8] sensorimotor, humans, important, advantages, signals, sources, synthesis, understanding, azimuth, approach
  [ 9] science, mit, san, california, cambridge, mateo, proceedings, morgan, kaufmann, international
  [10] convergence, solution, replica, potts, saddle, spin, iterative, iteration, converges, convergent
  [11] fibers, hair, union, integers, cardinality, quotient, symmetries, polynomials, let, interpretable
  [12] image, pixel, images, object, intensity, curvature, texture, velocity, orientations, pixels
  [13] probability, conditional, distribution, prior, expectation, maximize, posterior, mean, unknown, density
  [14] bursts, voltage, membrane, injection, peak, msec, firing, capacitor, peaks, trace
  [15] generalization, capacity, large, damage, committee, structural, detrimental, order, effects, regularizer
  [16] tree, node, subtree, legendre, rational, operator, calcium, critic, nodes, gates
  [17] english, vocabulary, word, phrases, speech, subjects, sentences, people, parsing, recognize
  [18] node, amino, acid, acids, nodes, answers, routing, items, secondary, final
  [19] policies, autonomous, games, loss, prescribed, skills, pendulum, policy, game, reinforcement


────────────────────────────────────────────────────────────
 Timestamp 4/11: 1996-1998 (8338 train docs)
────────────────────────────────────────────────────────────
  Epoch   1 | Loss 380.59 (recon 379.37 + kl 36.56 * 0.03) | Val 423.72 | Test 416.42 *
  Epoch   2 | Loss 356.03 (recon 353.14 + kl 43.43 * 0.07) | Val 411.72 | Test 404.74 *
  Epoch   3 | Loss 345.66 (recon 341.82 + kl 38.33 * 0.10) | Val 380.34 | Test 373.65 *
  Epoch   4 | Loss 340.01 (recon 335.37 + kl 34.85 * 0.13) | Val 363.02 | Test 356.12 *
  Epoch   6 | Loss 332.28 (recon 326.07 + kl 31.04 * 0.20) | Val 354.86 | Test 348.41 *
  Epoch   7 | Loss 330.03 (recon 323.16 + kl 29.45 * 0.23) | Val 350.58 | Test 344.51 *
  Epoch   9 | Loss 326.48 (recon 318.16 + kl 27.73 * 0.30) | Val 347.89 | Test 341.15 *
  Epoch  10 | Loss 325.16 (recon 316.17 + kl 26.99 * 0.33) | Val 345.43 | Test 339.48 *
  Epoch  11 | Loss 324.05 (recon 314.42 + kl 26.27 * 0.37) | Val 342.66 | Test 336.16 *
  Epoch  13 | Loss 323.12 (recon 312.30 + kl 24.96 * 0.43) | Val 337.99 | Test 331.91 *
  Epoch  15 | Loss 321.69 (recon 309.77 + kl 23.84 * 0.50) | Val 336.76 | Test 330.32 *
  Epoch  16 | Loss 321.71 (recon 309.26 + kl 23.34 * 0.53) | Val 335.54 | Test 329.05 *
  Epoch  17 | Loss 321.33 (recon 308.38 + kl 22.84 * 0.57) | Val 334.83 | Test 327.89 *
  Epoch  20 | Loss 321.10 (recon 306.82 + kl 21.41 * 0.67) | Val 332.08 | Test 325.70 *
  Epoch  22 | Loss 321.01 (recon 306.07 + kl 20.38 * 0.73) | Val 331.32 | Test 324.73 *
  Epoch  26 | Loss 321.47 (recon 305.16 + kl 18.82 * 0.87) | Val 329.12 | Test 322.84 *
  Epoch  30 | Loss 322.60 (recon 305.10 + kl 17.50 * 1.00) | Val 328.86 | Test 322.26
  Epoch  32 | Loss 321.58 (recon 304.45 + kl 17.13 * 1.00) | Val 327.33 | Test 320.86 *
  Epoch  33 | Loss 321.53 (recon 304.38 + kl 17.15 * 1.00) | Val 327.68 | Test 321.02 *
  Epoch  35 | Loss 320.79 (recon 303.73 + kl 17.06 * 1.00) | Val 326.55 | Test 320.04 *
  Epoch  37 | Loss 319.98 (recon 302.96 + kl 17.02 * 1.00) | Val 326.82 | Test 320.70 *
  Epoch  38 | Loss 320.07 (recon 303.06 + kl 17.01 * 1.00) | Val 326.49 | Test 319.79 *
  Epoch  39 | Loss 319.94 (recon 303.05 + kl 16.89 * 1.00) | Val 325.92 | Test 319.28 *
  Epoch  40 | Loss 319.08 (recon 302.14 + kl 16.94 * 1.00) | Val 326.93 | Test 319.61
  Epoch  43 | Loss 318.60 (recon 301.73 + kl 16.87 * 1.00) | Val 325.54 | Test 319.08 *
  Epoch  46 | Loss 317.89 (recon 301.05 + kl 16.84 * 1.00) | Val 325.42 | Test 318.88 *
  Epoch  47 | Loss 317.72 (recon 300.97 + kl 16.75 * 1.00) | Val 325.56 | Test 318.49 *
  Epoch  48 | Loss 317.54 (recon 300.72 + kl 16.82 * 1.00) | Val 325.04 | Test 317.91 *
  Epoch  50 | Loss 316.96 (recon 300.29 + kl 16.67 * 1.00) | Val 324.35 | Test 318.63 *
  Epoch  52 | Loss 316.43 (recon 299.68 + kl 16.76 * 1.00) | Val 324.78 | Test 318.10 *
  Epoch  59 | Loss 315.39 (recon 298.81 + kl 16.58 * 1.00) | Val 323.87 | Test 317.05 *
  Epoch  60 | Loss 315.39 (recon 298.73 + kl 16.66 * 1.00) | Val 324.03 | Test 317.16 *
  Epoch  62 | Loss 314.89 (recon 298.26 + kl 16.63 * 1.00) | Val 323.86 | Test 316.88 *
  Epoch  63 | Loss 314.78 (recon 298.16 + kl 16.63 * 1.00) | Val 323.72 | Test 316.53 *
  Epoch  64 | Loss 314.96 (recon 298.26 + kl 16.70 * 1.00) | Val 323.66 | Test 316.71 *
  Epoch  67 | Loss 314.16 (recon 297.57 + kl 16.59 * 1.00) | Val 323.39 | Test 316.31 *
  Epoch  68 | Loss 314.42 (recon 297.78 + kl 16.64 * 1.00) | Val 323.08 | Test 316.50 *
  Epoch  70 | Loss 314.23 (recon 297.57 + kl 16.65 * 1.00) | Val 323.36 | Test 316.35
  Epoch  77 | Loss 313.35 (recon 296.75 + kl 16.60 * 1.00) | Val 322.56 | Test 315.56 *
  Epoch  79 | Loss 313.00 (recon 296.28 + kl 16.72 * 1.00) | Val 322.82 | Test 316.16 *
  Epoch  80 | Loss 312.83 (recon 296.23 + kl 16.60 * 1.00) | Val 323.04 | Test 316.27
  Epoch  82 | Loss 313.44 (recon 296.79 + kl 16.66 * 1.00) | Val 322.72 | Test 315.71 *
  Epoch  86 | Loss 312.84 (recon 296.27 + kl 16.57 * 1.00) | Val 322.30 | Test 315.88 *
  Epoch  88 | Loss 312.95 (recon 296.42 + kl 16.53 * 1.00) | Val 322.69 | Test 315.73 *
  Epoch  90 | Loss 312.55 (recon 295.84 + kl 16.72 * 1.00) | Val 322.98 | Test 315.82
  Epoch  93 | Loss 312.60 (recon 295.99 + kl 16.62 * 1.00) | Val 322.10 | Test 315.64 *
  Epoch 100 | Loss 312.48 (recon 295.80 + kl 16.68 * 1.00) | Val 322.43 | Test 316.14
  Epoch 103 | Loss 311.96 (recon 295.41 + kl 16.55 * 1.00) | Val 322.27 | Test 315.59 *
  Epoch 105 | Loss 312.24 (recon 295.62 + kl 16.62 * 1.00) | Val 322.59 | Test 316.37 *
  Epoch 110 | Loss 311.96 (recon 295.26 + kl 16.70 * 1.00) | Val 322.47 | Test 315.57 *
  Epoch 117 | Loss 311.78 (recon 295.20 + kl 16.58 * 1.00) | Val 321.90 | Test 315.46 *
  Epoch 120 | Loss 311.85 (recon 295.22 + kl 16.63 * 1.00) | Val 322.54 | Test 315.48
  Epoch 122 | Loss 311.53 (recon 294.85 + kl 16.68 * 1.00) | Val 321.78 | Test 315.43 *
  Epoch 125 | Loss 312.14 (recon 295.49 + kl 16.65 * 1.00) | Val 322.27 | Test 315.46 *
  Epoch 130 | Loss 311.43 (recon 294.84 + kl 16.59 * 1.00) | Val 322.47 | Test 315.46
  Epoch 140 | Loss 312.10 (recon 295.46 + kl 16.63 * 1.00) | Val 322.42 | Test 315.95
  Early stopping at epoch 140 (patience=15)

  Results for T3 (1996-1998):
    TC (NPMI):   -0.1172
    TD:          0.9979
    IRBO:        0.9993
    TQ:          -0.1169
    PPL (next):  1176.29
    ρ_t:         0.3241
    Train time:  332.2s

============================================================
 Topics (T3 (1996-1998)): 20 topics
============================================================
  [ 0] chips, processors, devices, hardware, analog, silicon, board, chip, fabricated, vlsi
  [ 1] validation, rbf, data, stopping, mlp, test, table, training, residuals, likelihood
  [ 2] classification, pairwise, labeled, bayes, measure, data, neighbor, pac, friedman, classifier
  [ 3] policy, actions, agent, policies, payoff, mdps, action, mdp, exploration, experiences
  [ 4] binary, kohonen, analysis, dynamical, dimensional, serial, hidden, displays, nets, symbol
  [ 5] cortical, cortex, cells, excitatory, dominance, inhibitory, binocular, inhibition, selectivity, receptive
  [ 6] descent, rows, module, gradient, winner, output, weights, vector, wta, matrix
  [ 7] arm, plant, trajectory, force, muscles, controller, movement, cartesian, cart, wall
  [ 8] eds, sensory, applications, advances, processing, pathways, demonstrate, touretzky, forecasting, nervous
  [ 9] society, proceedings, institute, references, science, mateo, proc, university, international, intelligence
  [10] approximation, approximations, convergence, glass, equations, minima, derived, derivation, contraction, guaranteed
  [11] let, hilbert, polynomials, lemma, clause, theorems, corollary, algebra, kronecker, integers
  [12] image, images, pixels, visual, intensity, texture, pixel, filters, motion, scale
  [13] probability, probabilities, given, distribution, conditional, posterior, estimate, prior, maximize, trains
  [14] voltage, peak, membrane, spike, refractory, conductance, presynaptic, amplitude, pulse, period
  [15] generalization, capacity, error, asymptotic, decay, invariances, correlated, storage, decrease, student
  [16] state, partially, section, sections, tables, tree, allocations, child, model, observable
  [17] speakers, english, character, phoneme, phonetic, phonemes, asked, training, sentences, characters
  [18] tree, node, level, outgoing, expert, units, subtree, playing, propagated, players
  [19] critic, trials, reinforcement, pendulum, learning, barto, actions, actor, sutton, task


────────────────────────────────────────────────────────────
 Timestamp 5/11: 1999-2001 (9772 train docs)
────────────────────────────────────────────────────────────
  Epoch   1 | Loss 358.22 (recon 356.97 + kl 37.64 * 0.03) | Val 418.24 | Test 415.06 *
  Epoch   2 | Loss 334.86 (recon 332.02 + kl 42.63 * 0.07) | Val 399.54 | Test 396.88 *
  Epoch   3 | Loss 324.80 (recon 321.00 + kl 38.04 * 0.10) | Val 369.26 | Test 367.34 *
  Epoch   4 | Loss 320.80 (recon 316.19 + kl 34.54 * 0.13) | Val 362.25 | Test 360.34 *
  Epoch   5 | Loss 316.22 (recon 310.83 + kl 32.34 * 0.17) | Val 353.00 | Test 351.23 *
  Epoch   6 | Loss 314.13 (recon 308.00 + kl 30.64 * 0.20) | Val 348.96 | Test 347.55 *
  Epoch   7 | Loss 310.57 (recon 303.63 + kl 29.75 * 0.23) | Val 343.40 | Test 341.65 *
  Epoch   9 | Loss 307.90 (recon 299.54 + kl 27.88 * 0.30) | Val 341.86 | Test 340.58 *
  Epoch  10 | Loss 306.04 (recon 296.92 + kl 27.36 * 0.33) | Val 338.65 | Test 337.02 *
  Epoch  11 | Loss 305.52 (recon 295.89 + kl 26.26 * 0.37) | Val 337.22 | Test 335.68 *
  Epoch  12 | Loss 304.82 (recon 294.56 + kl 25.65 * 0.40) | Val 336.00 | Test 334.10 *
  Epoch  13 | Loss 304.55 (recon 293.74 + kl 24.93 * 0.43) | Val 333.73 | Test 331.78 *
  Epoch  14 | Loss 305.23 (recon 293.88 + kl 24.33 * 0.47) | Val 333.14 | Test 331.34 *
  Epoch  15 | Loss 303.69 (recon 291.81 + kl 23.76 * 0.50) | Val 332.78 | Test 330.92 *
  Epoch  16 | Loss 303.76 (recon 291.39 + kl 23.19 * 0.53) | Val 331.32 | Test 329.84 *
  Epoch  17 | Loss 303.62 (recon 290.85 + kl 22.55 * 0.57) | Val 330.38 | Test 328.49 *
  Epoch  18 | Loss 303.33 (recon 290.07 + kl 22.10 * 0.60) | Val 329.64 | Test 328.02 *
  Epoch  19 | Loss 304.13 (recon 290.47 + kl 21.57 * 0.63) | Val 328.91 | Test 327.09 *
  Epoch  20 | Loss 305.25 (recon 291.16 + kl 21.13 * 0.67) | Val 329.13 | Test 327.51
  Epoch  24 | Loss 305.97 (recon 290.57 + kl 19.25 * 0.80) | Val 326.33 | Test 324.52 *
  Epoch  29 | Loss 304.94 (recon 288.41 + kl 17.10 * 0.97) | Val 325.11 | Test 323.39 *
  Epoch  30 | Loss 306.64 (recon 289.75 + kl 16.88 * 1.00) | Val 324.99 | Test 323.03
  Epoch  31 | Loss 306.87 (recon 290.19 + kl 16.68 * 1.00) | Val 324.11 | Test 322.50 *
  Epoch  33 | Loss 305.35 (recon 288.72 + kl 16.62 * 1.00) | Val 324.50 | Test 322.44 *
  Epoch  34 | Loss 306.20 (recon 289.72 + kl 16.48 * 1.00) | Val 323.60 | Test 322.32 *
  Epoch  37 | Loss 305.07 (recon 288.65 + kl 16.41 * 1.00) | Val 323.54 | Test 321.83 *
  Epoch  38 | Loss 304.31 (recon 288.08 + kl 16.23 * 1.00) | Val 323.11 | Test 321.77 *
  Epoch  39 | Loss 303.77 (recon 287.42 + kl 16.35 * 1.00) | Val 323.10 | Test 321.14 *
  Epoch  40 | Loss 303.06 (recon 286.88 + kl 16.18 * 1.00) | Val 323.00 | Test 321.37
  Epoch  41 | Loss 303.16 (recon 286.93 + kl 16.23 * 1.00) | Val 322.59 | Test 321.03 *
  Epoch  44 | Loss 302.66 (recon 286.50 + kl 16.15 * 1.00) | Val 322.57 | Test 320.98 *
  Epoch  45 | Loss 303.28 (recon 287.09 + kl 16.19 * 1.00) | Val 322.10 | Test 320.45 *
  Epoch  47 | Loss 303.86 (recon 287.85 + kl 16.00 * 1.00) | Val 321.99 | Test 320.72 *
  Epoch  48 | Loss 301.46 (recon 285.34 + kl 16.11 * 1.00) | Val 322.40 | Test 320.51 *
  Epoch  49 | Loss 303.11 (recon 287.04 + kl 16.06 * 1.00) | Val 321.74 | Test 320.08 *
  Epoch  50 | Loss 302.74 (recon 286.64 + kl 16.10 * 1.00) | Val 321.51 | Test 319.63
  Epoch  51 | Loss 301.07 (recon 285.04 + kl 16.03 * 1.00) | Val 321.66 | Test 319.97 *
  Epoch  58 | Loss 300.88 (recon 284.93 + kl 15.95 * 1.00) | Val 320.48 | Test 319.26 *
  Epoch  60 | Loss 300.38 (recon 284.45 + kl 15.93 * 1.00) | Val 320.51 | Test 318.71
  Epoch  62 | Loss 300.21 (recon 284.29 + kl 15.92 * 1.00) | Val 320.36 | Test 318.91 *
  Epoch  63 | Loss 300.14 (recon 284.22 + kl 15.92 * 1.00) | Val 320.34 | Test 318.65 *
  Epoch  64 | Loss 300.17 (recon 284.19 + kl 15.98 * 1.00) | Val 320.53 | Test 318.84 *
  Epoch  65 | Loss 299.70 (recon 283.67 + kl 16.03 * 1.00) | Val 320.17 | Test 318.91 *
  Epoch  70 | Loss 299.13 (recon 283.19 + kl 15.93 * 1.00) | Val 320.19 | Test 318.61 *
  Epoch  71 | Loss 299.25 (recon 283.27 + kl 15.98 * 1.00) | Val 320.14 | Test 318.78 *
  Epoch  72 | Loss 300.03 (recon 283.95 + kl 16.08 * 1.00) | Val 320.03 | Test 318.61 *
  Epoch  79 | Loss 298.01 (recon 282.08 + kl 15.93 * 1.00) | Val 319.50 | Test 318.14 *
  Epoch  80 | Loss 299.79 (recon 283.77 + kl 16.02 * 1.00) | Val 319.71 | Test 318.23
  Epoch  82 | Loss 298.61 (recon 282.63 + kl 15.98 * 1.00) | Val 319.52 | Test 318.08 *
  Epoch  86 | Loss 298.14 (recon 282.15 + kl 15.99 * 1.00) | Val 319.61 | Test 317.95 *
  Epoch  88 | Loss 297.13 (recon 281.11 + kl 16.02 * 1.00) | Val 319.46 | Test 318.11 *
  Epoch  90 | Loss 297.64 (recon 281.67 + kl 15.97 * 1.00) | Val 319.11 | Test 317.89
  Epoch  95 | Loss 297.43 (recon 281.53 + kl 15.91 * 1.00) | Val 319.25 | Test 317.76 *
  Epoch  98 | Loss 298.42 (recon 282.32 + kl 16.10 * 1.00) | Val 319.22 | Test 317.84 *
  Epoch 100 | Loss 298.00 (recon 282.04 + kl 15.96 * 1.00) | Val 319.04 | Test 317.70
  Epoch 102 | Loss 297.65 (recon 281.65 + kl 16.00 * 1.00) | Val 319.35 | Test 317.81 *
  Epoch 108 | Loss 297.93 (recon 281.95 + kl 15.99 * 1.00) | Val 319.04 | Test 317.69 *
  Epoch 110 | Loss 297.57 (recon 281.60 + kl 15.97 * 1.00) | Val 319.26 | Test 318.00
  Epoch 118 | Loss 297.50 (recon 281.51 + kl 15.99 * 1.00) | Val 319.11 | Test 317.50 *
  Epoch 120 | Loss 297.18 (recon 281.22 + kl 15.95 * 1.00) | Val 319.05 | Test 317.43
  Epoch 125 | Loss 296.09 (recon 280.06 + kl 16.02 * 1.00) | Val 319.13 | Test 317.44 *
  Epoch 130 | Loss 297.60 (recon 281.56 + kl 16.04 * 1.00) | Val 319.03 | Test 317.39
  Epoch 135 | Loss 298.64 (recon 282.66 + kl 15.98 * 1.00) | Val 318.97 | Test 317.46 *
  Epoch 136 | Loss 296.19 (recon 280.17 + kl 16.02 * 1.00) | Val 318.82 | Test 317.49 *
  Epoch 140 | Loss 297.24 (recon 281.23 + kl 16.01 * 1.00) | Val 318.99 | Test 317.37
  Epoch 150 | Loss 296.18 (recon 280.20 + kl 15.98 * 1.00) | Val 318.80 | Test 317.70
  Early stopping at epoch 151 (patience=15)

  Results for T4 (1999-2001):
    TC (NPMI):   -0.0997
    TD:          0.9982
    IRBO:        0.9999
    TQ:          -0.0995
    PPL (next):  1138.09
    ρ_t:         0.2853
    Train time:  444.3s

============================================================
 Topics (T4 (1999-2001)): 20 topics
============================================================
  [ 0] digital, chip, chips, vlsi, analog, circuit, hardware, circuits, fabricated, implementations
  [ 1] table, rbf, nets, validation, trained, housing, gaussian, gaussians, number, mlps
  [ 2] data, unlabeled, labels, margin, classes, points, classification, labeled, class, benign
  [ 3] search, start, queue, changed, priority, quantization, heuristic, shortest, greedy, vertices
  [ 4] symbol, discrete, dimensional, topology, acoustics, continuous, symbols, strings, random, stochastic
  [ 5] cortical, cortex, hippocampus, cells, connections, parietal, hippocampal, receptive, orientation, neurons
  [ 6] output, vector, mlp, weight, implementing, outputs, descent, update, backpropagation, rule
  [ 7] robot, motion, arm, motions, body, trajectory, tracking, leg, articulated, angles
  [ 8] knowledge, developing, problem, applications, important, interest, traditional, problems, benefit, world
  [ 9] editors, editor, press, proceedings, international, cambridge, springer, workshop, verlag, proc
  [10] bethe, converge, convergence, guaranteed, exact, ordinary, approximation, ups, energy, propagation
  [11] exists, said, satisfying, satisfy, condition, clauses, complement, strictly, let, intersect
  [12] image, images, pixel, visual, intensity, patches, brightness, color, pixels, gabor
  [13] distribution, prior, mateo, estimate, likelihood, posterior, probability, given, density, expected
  [14] membrane, voltage, presynaptic, spike, peak, postsynaptic, firing, conductance, amplitude, synaptic
  [15] generalization, asymptotic, error, terms, bound, perceptron, ron, decay, universal, mechanics
  [16] functions, acyclic, dynamic, depth, dbns, section, convolution, hmms, hmm, action
  [17] corpus, session, characters, utterances, fellowship, tested, experiment, subjects, spoken, nsf
  [18] nodes, node, hidden, links, level, network, elman, sentence, grouping, leaf
  [19] learner, reward, policy, agent, adversary, actions, learning, steering, reinforcement, policies


────────────────────────────────────────────────────────────
 Timestamp 6/11: 2002-2004 (14036 train docs)
────────────────────────────────────────────────────────────
  Epoch   1 | Loss 358.58 (recon 357.20 + kl 41.46 * 0.03) | Val 407.81 | Test 402.94 *
  Epoch   2 | Loss 334.41 (recon 331.50 + kl 43.63 * 0.07) | Val 367.31 | Test 363.12 *
  Epoch   3 | Loss 325.43 (recon 321.58 + kl 38.51 * 0.10) | Val 354.78 | Test 350.64 *
  Epoch   4 | Loss 320.06 (recon 315.34 + kl 35.39 * 0.13) | Val 346.08 | Test 342.19 *
  Epoch   5 | Loss 316.26 (recon 310.71 + kl 33.30 * 0.17) | Val 340.42 | Test 336.73 *
  Epoch   7 | Loss 311.74 (recon 304.52 + kl 30.96 * 0.23) | Val 334.42 | Test 330.20 *
  Epoch   8 | Loss 310.35 (recon 302.36 + kl 29.93 * 0.27) | Val 332.03 | Test 328.04 *
  Epoch   9 | Loss 309.43 (recon 300.80 + kl 28.78 * 0.30) | Val 329.48 | Test 325.45 *
  Epoch  10 | Loss 308.88 (recon 299.53 + kl 28.04 * 0.33) | Val 325.75 | Test 321.62 *
  Epoch  11 | Loss 308.36 (recon 298.44 + kl 27.04 * 0.37) | Val 326.86 | Test 322.95 *
  Epoch  12 | Loss 308.04 (recon 297.52 + kl 26.30 * 0.40) | Val 324.26 | Test 320.12 *
  Epoch  13 | Loss 307.94 (recon 296.85 + kl 25.59 * 0.43) | Val 323.25 | Test 319.31 *
  Epoch  14 | Loss 307.82 (recon 296.22 + kl 24.86 * 0.47) | Val 322.17 | Test 318.23 *
  Epoch  15 | Loss 307.90 (recon 295.82 + kl 24.16 * 0.50) | Val 320.82 | Test 316.68 *
  Epoch  17 | Loss 308.13 (recon 295.19 + kl 22.84 * 0.57) | Val 319.57 | Test 315.33 *
  Epoch  18 | Loss 308.33 (recon 294.93 + kl 22.32 * 0.60) | Val 319.66 | Test 315.30 *
  Epoch  20 | Loss 308.67 (recon 294.69 + kl 20.96 * 0.67) | Val 317.67 | Test 313.47 *
  Epoch  22 | Loss 309.24 (recon 294.56 + kl 20.02 * 0.73) | Val 316.96 | Test 312.66 *
  Epoch  23 | Loss 309.54 (recon 294.60 + kl 19.49 * 0.77) | Val 316.89 | Test 312.76 *
  Epoch  24 | Loss 309.87 (recon 294.56 + kl 19.15 * 0.80) | Val 316.20 | Test 311.67 *
  Epoch  25 | Loss 310.09 (recon 294.61 + kl 18.58 * 0.83) | Val 315.87 | Test 311.64 *
  Epoch  30 | Loss 311.54 (recon 295.04 + kl 16.50 * 1.00) | Val 314.47 | Test 310.40
  Epoch  33 | Loss 310.26 (recon 294.00 + kl 16.25 * 1.00) | Val 313.53 | Test 309.32 *
  Epoch  34 | Loss 309.96 (recon 293.74 + kl 16.22 * 1.00) | Val 313.68 | Test 309.17 *
  Epoch  36 | Loss 309.65 (recon 293.51 + kl 16.14 * 1.00) | Val 313.40 | Test 308.93 *
  Epoch  37 | Loss 309.44 (recon 293.42 + kl 16.03 * 1.00) | Val 313.34 | Test 308.92 *
  Epoch  38 | Loss 309.31 (recon 293.27 + kl 16.04 * 1.00) | Val 313.36 | Test 309.05 *
  Epoch  40 | Loss 309.13 (recon 293.10 + kl 16.03 * 1.00) | Val 313.01 | Test 308.71
  Epoch  41 | Loss 309.07 (recon 293.06 + kl 16.01 * 1.00) | Val 312.79 | Test 308.42 *
  Epoch  42 | Loss 308.97 (recon 292.96 + kl 16.01 * 1.00) | Val 312.97 | Test 308.62 *
  Epoch  43 | Loss 308.94 (recon 293.02 + kl 15.92 * 1.00) | Val 312.85 | Test 308.73 *
  Epoch  49 | Loss 308.27 (recon 292.39 + kl 15.88 * 1.00) | Val 312.68 | Test 308.10 *
  Epoch  50 | Loss 308.21 (recon 292.31 + kl 15.90 * 1.00) | Val 312.47 | Test 307.99
  Epoch  56 | Loss 307.63 (recon 291.77 + kl 15.86 * 1.00) | Val 312.08 | Test 307.68 *
  Epoch  57 | Loss 307.38 (recon 291.55 + kl 15.83 * 1.00) | Val 311.87 | Test 307.74 *
  Epoch  58 | Loss 307.42 (recon 291.61 + kl 15.81 * 1.00) | Val 312.06 | Test 307.72 *
  Epoch  60 | Loss 307.07 (recon 291.31 + kl 15.76 * 1.00) | Val 311.96 | Test 307.62 *
  Epoch  62 | Loss 307.10 (recon 291.24 + kl 15.86 * 1.00) | Val 311.74 | Test 307.52 *
  Epoch  69 | Loss 306.73 (recon 290.95 + kl 15.79 * 1.00) | Val 311.71 | Test 307.27 *
  Epoch  70 | Loss 306.64 (recon 290.78 + kl 15.86 * 1.00) | Val 311.62 | Test 307.19
  Epoch  71 | Loss 306.45 (recon 290.76 + kl 15.69 * 1.00) | Val 311.58 | Test 307.25 *
  Epoch  72 | Loss 306.46 (recon 290.65 + kl 15.81 * 1.00) | Val 311.38 | Test 307.27 *
  Epoch  75 | Loss 306.43 (recon 290.62 + kl 15.81 * 1.00) | Val 311.45 | Test 307.11 *
  Epoch  80 | Loss 306.30 (recon 290.51 + kl 15.79 * 1.00) | Val 311.29 | Test 307.31
  Epoch  83 | Loss 306.16 (recon 290.40 + kl 15.76 * 1.00) | Val 311.26 | Test 307.12 *
  Epoch  87 | Loss 306.18 (recon 290.42 + kl 15.76 * 1.00) | Val 311.29 | Test 307.11 *
  Epoch  90 | Loss 306.06 (recon 290.30 + kl 15.76 * 1.00) | Val 311.31 | Test 306.99
  Epoch  92 | Loss 306.16 (recon 290.41 + kl 15.75 * 1.00) | Val 311.20 | Test 306.91 *
  Epoch  95 | Loss 305.96 (recon 290.23 + kl 15.73 * 1.00) | Val 311.14 | Test 307.11 *
  Epoch 100 | Loss 306.05 (recon 290.23 + kl 15.82 * 1.00) | Val 311.22 | Test 307.19
  Epoch 101 | Loss 306.12 (recon 290.32 + kl 15.81 * 1.00) | Val 311.22 | Test 306.88 *
  Epoch 109 | Loss 305.97 (recon 290.25 + kl 15.72 * 1.00) | Val 311.11 | Test 306.96 *
  Epoch 110 | Loss 305.93 (recon 290.14 + kl 15.78 * 1.00) | Val 311.34 | Test 306.98
  Epoch 120 | Loss 305.87 (recon 290.09 + kl 15.78 * 1.00) | Val 311.31 | Test 306.90
  Early stopping at epoch 124 (patience=15)

  Results for T5 (2002-2004):
    TC (NPMI):   -0.1037
    TD:          0.9975
    IRBO:        0.9995
    TQ:          -0.1034
    PPL (next):  1142.30
    ρ_t:         0.2561
    Train time:  500.6s

============================================================
 Topics (T5 (2002-2004)): 20 topics
============================================================
  [ 0] hardware, large, digital, technology, analog, vlsi, cmos, custom, circuitry, processor
  [ 1] table, test, std, outperformed, training, compared, boston, comparable, runs, error
  [ 2] unlabeled, points, class, labeled, supervised, classification, data, classifier, ranking, labels
  [ 3] costs, search, euclidean, execution, clustering, distance, cluster, searches, cost, value
  [ 4] matrix, boolean, hidden, random, eigenvalues, independent, spatio, eigenvectors, trains, synchrony
  [ 5] connections, inhibitory, receptive, recurrent, neurons, inhibition, feedforward, excitatory, interneurons, cortical
  [ 6] output, gate, vector, multiplier, perceptron, floating, outputs, coefficients, batch, backpropagation
  [ 7] robot, trajectory, point, points, rigid, trajectories, initial, arm, starting, kinematic
  [ 8] important, advantages, problem, recent, approach, addressed, problems, analysis, framework, methods
  [ 9] press, san, editors, mit, eds, springer, thesis, touretzky, mateo, kaufmann
  [10] bethe, convergence, saddle, energy, result, free, section, converge, yuille, loop
  [11] polynomials, contradiction, lemma, write, corresponding, uniquely, let, implies, proof, lagrangian
  [12] image, images, pixel, pixels, color, shape, scene, texture, visual, intensity
  [13] distribution, posterior, prior, probability, likelihood, process, given, parameters, expectation, probabilities
  [14] membrane, synapse, voltage, onset, amplitude, synaptic, post, subthreshold, stimulation, tone
  [15] bias, generalization, error, complexity, terms, expansion, capacity, capability, asymptotically, asymptotic
  [16] functions, dynamic, subsequences, models, automata, kernels, viterbi, splines, string, nerve
  [17] asked, participants, database, utterances, categories, subjects, word, collected, available, news
  [18] nodes, node, edges, layer, layers, edge, graph, phrase, correct, weak
  [19] policy, agent, policies, payoff, strategy, agents, action, reward, strategies, actions


────────────────────────────────────────────────────────────
 Timestamp 7/11: 2005-2007 (13048 train docs)
────────────────────────────────────────────────────────────
  Epoch   1 | Loss 491.56 (recon 490.12 + kl 43.22 * 0.03) | Val 556.09 | Test 549.76 *
  Epoch   2 | Loss 458.39 (recon 455.27 + kl 46.93 * 0.07) | Val 500.30 | Test 495.35 *
  Epoch   3 | Loss 446.42 (recon 442.20 + kl 42.15 * 0.10) | Val 486.36 | Test 481.20 *
  Epoch   4 | Loss 439.34 (recon 434.20 + kl 38.51 * 0.13) | Val 472.82 | Test 467.92 *
  Epoch   6 | Loss 430.58 (recon 423.72 + kl 34.31 * 0.20) | Val 461.66 | Test 456.38 *
  Epoch   8 | Loss 425.91 (recon 417.38 + kl 31.96 * 0.27) | Val 458.66 | Test 453.50 *
  Epoch   9 | Loss 424.60 (recon 415.32 + kl 30.92 * 0.30) | Val 457.15 | Test 451.95 *
  Epoch  10 | Loss 423.52 (recon 413.56 + kl 29.89 * 0.33) | Val 453.72 | Test 448.60 *
  Epoch  11 | Loss 422.72 (recon 412.07 + kl 29.02 * 0.37) | Val 451.63 | Test 446.72 *
  Epoch  12 | Loss 422.11 (recon 410.80 + kl 28.26 * 0.40) | Val 451.34 | Test 445.70 *
  Epoch  13 | Loss 421.57 (recon 409.59 + kl 27.63 * 0.43) | Val 448.63 | Test 443.30 *
  Epoch  15 | Loss 421.11 (recon 408.05 + kl 26.13 * 0.50) | Val 446.05 | Test 440.90 *
  Epoch  16 | Loss 421.06 (recon 407.44 + kl 25.54 * 0.53) | Val 444.76 | Test 439.28 *
  Epoch  18 | Loss 421.03 (recon 406.46 + kl 24.27 * 0.60) | Val 443.46 | Test 438.29 *
  Epoch  19 | Loss 421.11 (recon 406.14 + kl 23.63 * 0.63) | Val 443.04 | Test 437.87 *
  Epoch  20 | Loss 421.23 (recon 405.94 + kl 22.94 * 0.67) | Val 442.74 | Test 437.10 *
  Epoch  21 | Loss 421.33 (recon 405.62 + kl 22.45 * 0.70) | Val 441.79 | Test 436.29 *
  Epoch  22 | Loss 421.50 (recon 405.44 + kl 21.91 * 0.73) | Val 441.02 | Test 435.69 *
  Epoch  23 | Loss 421.79 (recon 405.21 + kl 21.62 * 0.77) | Val 440.65 | Test 435.45 *
  Epoch  26 | Loss 422.43 (recon 405.09 + kl 20.01 * 0.87) | Val 439.85 | Test 434.53 *
  Epoch  30 | Loss 423.41 (recon 404.93 + kl 18.48 * 1.00) | Val 438.21 | Test 432.70
  Epoch  31 | Loss 423.03 (recon 404.77 + kl 18.26 * 1.00) | Val 437.49 | Test 432.29 *
  Epoch  33 | Loss 422.39 (recon 404.22 + kl 18.16 * 1.00) | Val 437.61 | Test 432.31 *
  Epoch  34 | Loss 422.06 (recon 403.98 + kl 18.08 * 1.00) | Val 437.33 | Test 431.81 *
  Epoch  38 | Loss 421.15 (recon 403.25 + kl 17.90 * 1.00) | Val 436.21 | Test 430.94 *
  Epoch  40 | Loss 420.56 (recon 402.73 + kl 17.84 * 1.00) | Val 436.33 | Test 430.68 *
  Epoch  41 | Loss 420.29 (recon 402.55 + kl 17.74 * 1.00) | Val 435.97 | Test 431.00 *
  Epoch  42 | Loss 420.24 (recon 402.42 + kl 17.82 * 1.00) | Val 435.44 | Test 430.16 *
  Epoch  43 | Loss 419.93 (recon 402.22 + kl 17.72 * 1.00) | Val 435.19 | Test 430.13 *
  Epoch  44 | Loss 419.79 (recon 402.04 + kl 17.76 * 1.00) | Val 435.21 | Test 430.06 *
  Epoch  47 | Loss 419.26 (recon 401.62 + kl 17.64 * 1.00) | Val 434.77 | Test 429.64 *
  Epoch  50 | Loss 418.64 (recon 401.01 + kl 17.63 * 1.00) | Val 435.05 | Test 429.86
  Epoch  52 | Loss 418.27 (recon 400.70 + kl 17.57 * 1.00) | Val 434.44 | Test 428.89 *
  Epoch  53 | Loss 418.35 (recon 400.64 + kl 17.70 * 1.00) | Val 434.80 | Test 429.32 *
  Epoch  55 | Loss 417.94 (recon 400.35 + kl 17.59 * 1.00) | Val 434.45 | Test 429.28 *
  Epoch  57 | Loss 417.83 (recon 400.22 + kl 17.61 * 1.00) | Val 434.63 | Test 429.52 *
  Epoch  58 | Loss 417.69 (recon 400.03 + kl 17.66 * 1.00) | Val 434.03 | Test 428.72 *
  Epoch  60 | Loss 417.41 (recon 399.79 + kl 17.62 * 1.00) | Val 433.89 | Test 428.68
  Epoch  62 | Loss 417.13 (recon 399.58 + kl 17.55 * 1.00) | Val 434.01 | Test 428.81 *
  Epoch  64 | Loss 416.94 (recon 399.37 + kl 17.57 * 1.00) | Val 433.94 | Test 428.60 *
  Epoch  69 | Loss 416.64 (recon 398.98 + kl 17.66 * 1.00) | Val 433.61 | Test 428.16 *
  Epoch  70 | Loss 416.49 (recon 398.89 + kl 17.61 * 1.00) | Val 433.36 | Test 428.17 *
  Epoch  73 | Loss 416.33 (recon 398.70 + kl 17.63 * 1.00) | Val 433.06 | Test 427.90 *
  Epoch  80 | Loss 415.19 (recon 397.56 + kl 17.64 * 1.00) | Val 432.78 | Test 427.34 *
  Epoch  81 | Loss 414.96 (recon 397.44 + kl 17.52 * 1.00) | Val 432.81 | Test 427.59 *
  Epoch  82 | Loss 414.93 (recon 397.26 + kl 17.67 * 1.00) | Val 432.70 | Test 427.32 *
  Epoch  84 | Loss 414.73 (recon 397.17 + kl 17.56 * 1.00) | Val 432.65 | Test 427.23 *
  Epoch  89 | Loss 414.52 (recon 396.87 + kl 17.64 * 1.00) | Val 432.43 | Test 427.26 *
  Epoch  90 | Loss 414.44 (recon 396.81 + kl 17.63 * 1.00) | Val 432.68 | Test 427.42
  Epoch  96 | Loss 414.02 (recon 396.38 + kl 17.64 * 1.00) | Val 432.44 | Test 426.90 *
  Epoch  98 | Loss 413.82 (recon 396.23 + kl 17.59 * 1.00) | Val 432.10 | Test 427.04 *
  Epoch  99 | Loss 413.81 (recon 396.16 + kl 17.65 * 1.00) | Val 432.12 | Test 427.02 *
  Epoch 100 | Loss 413.82 (recon 396.15 + kl 17.67 * 1.00) | Val 432.46 | Test 427.01
  Epoch 101 | Loss 413.94 (recon 396.27 + kl 17.66 * 1.00) | Val 432.24 | Test 426.77 *
  Epoch 107 | Loss 413.59 (recon 396.00 + kl 17.59 * 1.00) | Val 432.29 | Test 426.83 *
  Epoch 110 | Loss 413.70 (recon 395.97 + kl 17.73 * 1.00) | Val 432.16 | Test 427.02 *
  Epoch 111 | Loss 413.62 (recon 396.02 + kl 17.61 * 1.00) | Val 432.05 | Test 426.90 *
  Epoch 115 | Loss 413.46 (recon 395.90 + kl 17.56 * 1.00) | Val 432.19 | Test 426.91 *
  Epoch 117 | Loss 413.37 (recon 395.78 + kl 17.59 * 1.00) | Val 432.06 | Test 426.90 *
  Epoch 119 | Loss 413.43 (recon 395.81 + kl 17.62 * 1.00) | Val 431.78 | Test 426.70 *
  Epoch 120 | Loss 413.44 (recon 395.75 + kl 17.69 * 1.00) | Val 431.97 | Test 426.80 *
  Epoch 123 | Loss 413.39 (recon 395.73 + kl 17.66 * 1.00) | Val 432.02 | Test 426.88 *
  Epoch 130 | Loss 413.03 (recon 395.40 + kl 17.64 * 1.00) | Val 431.84 | Test 426.41
  Epoch 133 | Loss 413.02 (recon 395.40 + kl 17.61 * 1.00) | Val 431.72 | Test 426.83 *
  Epoch 134 | Loss 412.98 (recon 395.36 + kl 17.62 * 1.00) | Val 431.69 | Test 426.50 *
  Epoch 139 | Loss 412.89 (recon 395.25 + kl 17.64 * 1.00) | Val 431.70 | Test 426.50 *
  Epoch 140 | Loss 412.95 (recon 395.29 + kl 17.66 * 1.00) | Val 431.84 | Test 426.61
  Epoch 141 | Loss 412.81 (recon 395.14 + kl 17.68 * 1.00) | Val 431.88 | Test 426.49 *
  Epoch 143 | Loss 412.92 (recon 395.19 + kl 17.73 * 1.00) | Val 431.94 | Test 426.41 *
  Epoch 150 | Loss 412.81 (recon 395.21 + kl 17.60 * 1.00) | Val 432.07 | Test 426.41
  Epoch 151 | Loss 412.82 (recon 395.15 + kl 17.67 * 1.00) | Val 431.67 | Test 426.58 *
  Epoch 158 | Loss 412.76 (recon 395.12 + kl 17.64 * 1.00) | Val 431.83 | Test 426.50 *
  Epoch 160 | Loss 412.83 (recon 395.20 + kl 17.63 * 1.00) | Val 431.76 | Test 426.41
  Epoch 170 | Loss 412.70 (recon 395.05 + kl 17.65 * 1.00) | Val 431.66 | Test 426.47
  Early stopping at epoch 173 (patience=15)

  Results for T6 (2005-2007):
    TC (NPMI):   -0.1076
    TD:          0.9993
    IRBO:        0.9995
    TQ:          -0.1076
    PPL (next):  1067.78
    ρ_t:         0.2333
    Train time:  647.0s

============================================================
 Topics (T6 (2005-2007)): 20 topics
============================================================
  [ 0] cmos, transistors, large, fabricated, storage, communication, centralized, hardware, size, reducing
  [ 1] figure, shows, better, table, averaged, rmse, results, runs, plots, dataset
  [ 2] class, examples, points, supervised, classes, data, parametric, labels, transductive, labeled
  [ 3] points, partitioning, distance, clustering, eigenvectors, clusters, quality, number, measure, metric
  [ 4] independent, random, components, ica, signals, distinguished, attractor, sketches, irreducible, independence
  [ 5] connections, layer, lateral, organizing, connection, sejnowski, mcclelland, axons, koch, axon
  [ 6] linear, vector, output, perceptron, quadratic, multipliers, descent, architecture, kkt, classifier
  [ 7] robot, joints, trajectory, robotic, imitation, state, observation, goal, robots, observations
  [ 8] applications, techniques, problems, demonstrated, successful, variety, recently, powerful, principled, approach
  [ 9] press, editors, cambridge, mit, springer, ieee, proceedings, wiley, international, references
  [10] convergent, sloan, grant, career, convergence, graduate, case, converges, reweighted, fellowship
  [11] letting, satisfy, satisfying, substituting, china, unit, unique, zero, term, supremum
  [12] image, images, surround, shape, orientations, orientation, brightness, patch, texture, pixels
  [13] given, parameters, distribution, posterior, model, process, marginalizing, prior, likelihood, conditioned
  [14] firing, stimulus, rate, stimulation, neuron, spike, membrane, onset, peak, synaptic
  [15] terms, psychophysical, error, reduction, bound, theory, suggest, properties, generalization, syntactic
  [16] hmms, sequences, prediction, sentences, models, sequence, nlp, lengths, rna, gmms
  [17] corpus, words, word, news, subjects, speech, tags, social, male, author
  [18] singleton, acyclic, correct, potentials, scoring, unary, inactive, constraints, assignment, score
  [19] policy, policies, action, reward, rewards, exploration, actions, reinforcement, payoff, game


────────────────────────────────────────────────────────────
 Timestamp 8/11: 2008-2010 (18908 train docs)
────────────────────────────────────────────────────────────
  Epoch   1 | Loss 451.82 (recon 450.29 + kl 45.68 * 0.03) | Val 505.16 | Test 507.19 *
  Epoch   2 | Loss 420.75 (recon 417.63 + kl 46.83 * 0.07) | Val 454.51 | Test 456.55 *
  Epoch   3 | Loss 409.57 (recon 405.40 + kl 41.70 * 0.10) | Val 440.29 | Test 442.49 *
  Epoch   4 | Loss 402.85 (recon 397.74 + kl 38.32 * 0.13) | Val 429.23 | Test 431.44 *
  Epoch   5 | Loss 398.42 (recon 392.36 + kl 36.35 * 0.17) | Val 424.17 | Test 426.25 *
  Epoch   6 | Loss 395.24 (recon 388.34 + kl 34.48 * 0.20) | Val 423.04 | Test 425.09 *
  Epoch   7 | Loss 393.09 (recon 385.28 + kl 33.48 * 0.23) | Val 416.35 | Test 418.59 *
  Epoch   8 | Loss 391.66 (recon 383.09 + kl 32.14 * 0.27) | Val 415.63 | Test 417.96 *
  Epoch   9 | Loss 390.78 (recon 381.46 + kl 31.08 * 0.30) | Val 411.86 | Test 414.26 *
  Epoch  10 | Loss 390.19 (recon 380.21 + kl 29.93 * 0.33) | Val 411.17 | Test 413.39 *
  Epoch  11 | Loss 389.77 (recon 379.06 + kl 29.22 * 0.37) | Val 407.52 | Test 410.05 *
  Epoch  13 | Loss 389.28 (recon 377.48 + kl 27.23 * 0.43) | Val 406.43 | Test 408.80 *
  Epoch  14 | Loss 389.36 (recon 377.03 + kl 26.43 * 0.47) | Val 404.91 | Test 407.31 *
  Epoch  15 | Loss 389.21 (recon 376.37 + kl 25.68 * 0.50) | Val 403.87 | Test 406.21 *
  Epoch  16 | Loss 389.40 (recon 376.11 + kl 24.92 * 0.53) | Val 402.92 | Test 405.14 *
  Epoch  17 | Loss 389.70 (recon 375.98 + kl 24.22 * 0.57) | Val 402.76 | Test 405.13 *
  Epoch  18 | Loss 389.91 (recon 375.71 + kl 23.67 * 0.60) | Val 402.01 | Test 404.18 *
  Epoch  19 | Loss 389.98 (recon 375.44 + kl 22.96 * 0.63) | Val 401.85 | Test 403.98 *
  Epoch  20 | Loss 390.29 (recon 375.36 + kl 22.39 * 0.67) | Val 400.70 | Test 402.87 *
  Epoch  22 | Loss 390.93 (recon 375.36 + kl 21.23 * 0.73) | Val 399.63 | Test 401.93 *
  Epoch  23 | Loss 391.17 (recon 375.35 + kl 20.63 * 0.77) | Val 398.96 | Test 401.31 *
  Epoch  25 | Loss 391.74 (recon 375.31 + kl 19.71 * 0.83) | Val 398.25 | Test 400.47 *
  Epoch  26 | Loss 392.04 (recon 375.39 + kl 19.21 * 0.87) | Val 398.53 | Test 400.94 *
  Epoch  30 | Loss 393.49 (recon 375.94 + kl 17.55 * 1.00) | Val 397.89 | Test 400.52
  Epoch  33 | Loss 392.08 (recon 374.74 + kl 17.35 * 1.00) | Val 396.22 | Test 398.58 *
  Epoch  34 | Loss 391.71 (recon 374.49 + kl 17.22 * 1.00) | Val 396.16 | Test 398.53 *
  Epoch  35 | Loss 391.61 (recon 374.31 + kl 17.30 * 1.00) | Val 396.21 | Test 398.55 *
  Epoch  37 | Loss 391.40 (recon 374.15 + kl 17.25 * 1.00) | Val 395.99 | Test 398.20 *
  Epoch  40 | Loss 391.01 (recon 373.84 + kl 17.17 * 1.00) | Val 395.92 | Test 398.43
  Epoch  42 | Loss 390.81 (recon 373.67 + kl 17.15 * 1.00) | Val 395.58 | Test 398.08 *
  Epoch  44 | Loss 390.56 (recon 373.50 + kl 17.05 * 1.00) | Val 395.74 | Test 397.99 *
  Epoch  46 | Loss 390.42 (recon 373.33 + kl 17.09 * 1.00) | Val 395.30 | Test 397.81 *
  Epoch  50 | Loss 390.03 (recon 373.00 + kl 17.03 * 1.00) | Val 395.21 | Test 397.61
  Epoch  51 | Loss 389.97 (recon 372.94 + kl 17.03 * 1.00) | Val 395.16 | Test 397.82 *
  Epoch  55 | Loss 389.73 (recon 372.64 + kl 17.08 * 1.00) | Val 395.23 | Test 397.47 *
  Epoch  58 | Loss 389.51 (recon 372.41 + kl 17.10 * 1.00) | Val 395.21 | Test 397.62 *
  Epoch  60 | Loss 389.41 (recon 372.36 + kl 17.05 * 1.00) | Val 394.63 | Test 397.22
  Epoch  62 | Loss 389.42 (recon 372.39 + kl 17.03 * 1.00) | Val 394.79 | Test 397.30 *
  Epoch  65 | Loss 389.19 (recon 372.22 + kl 16.97 * 1.00) | Val 394.79 | Test 397.37 *
  Epoch  68 | Loss 389.12 (recon 372.06 + kl 17.07 * 1.00) | Val 394.68 | Test 397.02 *
  Epoch  70 | Loss 389.02 (recon 371.97 + kl 17.05 * 1.00) | Val 395.00 | Test 397.12
  Epoch  72 | Loss 388.87 (recon 371.88 + kl 17.00 * 1.00) | Val 394.44 | Test 397.07 *
  Epoch  79 | Loss 388.37 (recon 371.36 + kl 17.01 * 1.00) | Val 394.17 | Test 396.72 *
  Epoch  80 | Loss 388.18 (recon 371.20 + kl 16.99 * 1.00) | Val 394.06 | Test 396.70 *
  Epoch  81 | Loss 388.09 (recon 371.07 + kl 17.01 * 1.00) | Val 394.26 | Test 396.70 *
  Epoch  82 | Loss 388.03 (recon 371.04 + kl 17.00 * 1.00) | Val 394.07 | Test 396.51 *
  Epoch  87 | Loss 387.93 (recon 370.95 + kl 16.99 * 1.00) | Val 393.98 | Test 396.50 *
  Epoch  90 | Loss 387.84 (recon 370.82 + kl 17.02 * 1.00) | Val 394.07 | Test 396.40
  Epoch  97 | Loss 387.67 (recon 370.60 + kl 17.07 * 1.00) | Val 394.01 | Test 396.41 *
  Epoch 100 | Loss 387.56 (recon 370.55 + kl 17.01 * 1.00) | Val 393.95 | Test 396.27
  Epoch 104 | Loss 387.38 (recon 370.33 + kl 17.05 * 1.00) | Val 393.74 | Test 396.33 *
  Epoch 105 | Loss 387.27 (recon 370.29 + kl 16.98 * 1.00) | Val 393.70 | Test 396.35 *
  Epoch 106 | Loss 387.30 (recon 370.31 + kl 16.98 * 1.00) | Val 393.67 | Test 396.43 *
  Epoch 107 | Loss 387.31 (recon 370.31 + kl 17.00 * 1.00) | Val 393.63 | Test 396.29 *
  Epoch 108 | Loss 387.27 (recon 370.30 + kl 16.97 * 1.00) | Val 393.63 | Test 396.33 *
  Epoch 110 | Loss 387.32 (recon 370.30 + kl 17.02 * 1.00) | Val 393.68 | Test 396.10 *
  Epoch 112 | Loss 387.30 (recon 370.30 + kl 17.00 * 1.00) | Val 393.80 | Test 396.10 *
  Epoch 120 | Loss 387.22 (recon 370.27 + kl 16.95 * 1.00) | Val 393.87 | Test 396.20
  Early stopping at epoch 127 (patience=15)

  Results for T7 (2008-2010):
    TC (NPMI):   -0.0838
    TD:          0.9982
    IRBO:        0.9981
    TQ:          -0.0837
    PPL (next):  1023.10
    ρ_t:         0.2148
    Train time:  683.2s

============================================================
 Topics (T7 (2008-2010)): 20 topics
============================================================
  [ 0] pruning, vlsi, large, hardware, chip, fabricated, processor, cmos, processors, transistors
  [ 1] table, figure, shows, validation, versus, compares, better, plots, bars, yielded
  [ 2] data, supervised, unlabeled, labeled, knn, hilbert, estimators, empirical, class, neighbor
  [ 3] similarity, user, clustering, distance, search, articles, find, similarities, query, bucket
  [ 4] random, matrix, recover, noise, omp, synthesis, transition, pattern, generated, chaotic
  [ 5] organizing, inhibitory, excitatory, excitation, emerge, hierarchical, inhibition, topology, associative, network
  [ 6] vector, descent, vectors, learning, linear, weight, input, regularization, svm, output
  [ 7] state, robot, trajectory, trajectories, planning, tracking, point, dynamics, skill, system
  [ 8] great, problems, applications, important, useful, years, attention, numerous, engineering, inherent
  [ 9] press, proceedings, international, conference, journal, references, ieee, verlag, mit, springer
  [10] convergence, found, result, bethe, minima, solution, direct, converge, iterative, concavity
  [11] integers, set, let, generality, exists, equal, contained, unit, write, element
  [12] image, images, spatial, pixel, orientations, pixels, orientation, visual, oriented, scene
  [13] distribution, likelihood, model, posterior, prior, mixture, parameters, multinomial, use, process
  [14] membrane, synaptic, onset, stimulus, neurons, inhibitory, neuron, presynaptic, spikes, firing
  [15] error, generalization, complexity, terms, decay, bound, vapnik, codes, order, bounds
  [16] state, hmms, model, functions, efficient, symbols, hmm, defined, scoring, fourier
  [17] english, asked, corpus, language, participants, speakers, collected, noun, sentences, languages
  [18] edges, nodes, edge, node, incorrect, assignment, assign, level, correct, label
  [19] exploration, agent, learner, policy, regret, actions, freund, schapire, chooses, environment


────────────────────────────────────────────────────────────
 Timestamp 9/11: 2011-2013 (24259 train docs)
────────────────────────────────────────────────────────────
  Epoch   1 | Loss 462.85 (recon 461.25 + kl 47.99 * 0.03) | Val 499.45 | Test 483.36 *
  Epoch   2 | Loss 431.60 (recon 428.42 + kl 47.66 * 0.07) | Val 465.39 | Test 451.11 *
  Epoch   3 | Loss 420.22 (recon 416.02 + kl 41.93 * 0.10) | Val 458.62 | Test 444.50 *
  Epoch   4 | Loss 413.04 (recon 407.87 + kl 38.79 * 0.13) | Val 449.80 | Test 435.93 *
  Epoch   5 | Loss 409.02 (recon 402.89 + kl 36.78 * 0.17) | Val 442.44 | Test 428.53 *
  Epoch   6 | Loss 406.28 (recon 399.24 + kl 35.21 * 0.20) | Val 438.16 | Test 424.63 *
  Epoch   7 | Loss 404.74 (recon 396.84 + kl 33.84 * 0.23) | Val 436.60 | Test 422.87 *
  Epoch   8 | Loss 403.76 (recon 395.10 + kl 32.48 * 0.27) | Val 433.11 | Test 419.45 *
  Epoch   9 | Loss 403.16 (recon 393.78 + kl 31.25 * 0.30) | Val 431.97 | Test 418.13 *
  Epoch  10 | Loss 402.72 (recon 392.67 + kl 30.16 * 0.33) | Val 428.01 | Test 414.33 *
  Epoch  11 | Loss 402.73 (recon 392.08 + kl 29.02 * 0.37) | Val 426.88 | Test 413.27 *
  Epoch  12 | Loss 402.57 (recon 391.31 + kl 28.15 * 0.40) | Val 426.24 | Test 412.66 *
  Epoch  13 | Loss 402.62 (recon 390.87 + kl 27.11 * 0.43) | Val 424.79 | Test 411.27 *
  Epoch  14 | Loss 402.86 (recon 390.55 + kl 26.38 * 0.47) | Val 423.66 | Test 410.12 *
  Epoch  17 | Loss 403.33 (recon 389.72 + kl 24.02 * 0.57) | Val 420.76 | Test 407.07 *
  Epoch  19 | Loss 403.85 (recon 389.51 + kl 22.65 * 0.63) | Val 419.58 | Test 406.16 *
  Epoch  20 | Loss 404.25 (recon 389.42 + kl 22.24 * 0.67) | Val 419.01 | Test 405.30
  Epoch  22 | Loss 405.11 (recon 389.66 + kl 21.07 * 0.73) | Val 418.70 | Test 405.06 *
  Epoch  26 | Loss 406.31 (recon 389.80 + kl 19.05 * 0.87) | Val 416.92 | Test 403.47 *
  Epoch  30 | Loss 407.79 (recon 390.38 + kl 17.41 * 1.00) | Val 415.88 | Test 402.48
  Epoch  33 | Loss 406.63 (recon 389.47 + kl 17.16 * 1.00) | Val 415.15 | Test 401.38 *
  Epoch  34 | Loss 406.39 (recon 389.25 + kl 17.14 * 1.00) | Val 414.98 | Test 401.31 *
  Epoch  36 | Loss 406.07 (recon 388.95 + kl 17.12 * 1.00) | Val 414.87 | Test 401.34 *
  Epoch  37 | Loss 406.00 (recon 388.91 + kl 17.09 * 1.00) | Val 414.76 | Test 401.00 *
  Epoch  40 | Loss 405.85 (recon 388.79 + kl 17.06 * 1.00) | Val 414.44 | Test 400.78
  Epoch  41 | Loss 405.57 (recon 388.51 + kl 17.06 * 1.00) | Val 414.82 | Test 401.20 *
  Epoch  46 | Loss 405.32 (recon 388.35 + kl 16.96 * 1.00) | Val 414.53 | Test 401.00 *
  Epoch  50 | Loss 405.08 (recon 388.04 + kl 17.04 * 1.00) | Val 414.38 | Test 400.76 *
  Epoch  51 | Loss 405.09 (recon 388.11 + kl 16.98 * 1.00) | Val 414.25 | Test 400.73 *
  Epoch  58 | Loss 404.45 (recon 387.51 + kl 16.95 * 1.00) | Val 413.89 | Test 400.29 *
  Epoch  59 | Loss 404.29 (recon 387.40 + kl 16.89 * 1.00) | Val 413.68 | Test 400.30 *
  Epoch  60 | Loss 404.15 (recon 387.25 + kl 16.90 * 1.00) | Val 413.95 | Test 400.28 *
  Epoch  61 | Loss 404.02 (recon 387.10 + kl 16.92 * 1.00) | Val 413.93 | Test 400.06 *
  Epoch  62 | Loss 404.13 (recon 387.15 + kl 16.97 * 1.00) | Val 413.72 | Test 400.18 *
  Epoch  69 | Loss 403.65 (recon 386.76 + kl 16.89 * 1.00) | Val 413.58 | Test 400.00 *
  Epoch  70 | Loss 403.76 (recon 386.79 + kl 16.96 * 1.00) | Val 413.48 | Test 399.98 *
  Epoch  71 | Loss 403.69 (recon 386.83 + kl 16.86 * 1.00) | Val 413.59 | Test 399.94 *
  Epoch  73 | Loss 403.56 (recon 386.67 + kl 16.89 * 1.00) | Val 413.48 | Test 399.92 *
  Epoch  74 | Loss 403.64 (recon 386.74 + kl 16.91 * 1.00) | Val 413.52 | Test 400.18 *
  Epoch  75 | Loss 403.57 (recon 386.65 + kl 16.92 * 1.00) | Val 413.55 | Test 399.92 *
  Epoch  77 | Loss 403.64 (recon 386.72 + kl 16.92 * 1.00) | Val 413.46 | Test 400.05 *
  Epoch  79 | Loss 403.48 (recon 386.54 + kl 16.94 * 1.00) | Val 413.48 | Test 399.95 *
  Epoch  80 | Loss 403.36 (recon 386.47 + kl 16.89 * 1.00) | Val 413.60 | Test 399.97
  Epoch  86 | Loss 403.39 (recon 386.49 + kl 16.91 * 1.00) | Val 413.48 | Test 399.86 *
  Epoch  90 | Loss 403.45 (recon 386.57 + kl 16.89 * 1.00) | Val 413.33 | Test 399.74
  Epoch  94 | Loss 403.17 (recon 386.23 + kl 16.93 * 1.00) | Val 413.37 | Test 399.74 *
  Epoch  95 | Loss 403.18 (recon 386.30 + kl 16.88 * 1.00) | Val 413.24 | Test 399.80 *
  Epoch 100 | Loss 403.35 (recon 386.46 + kl 16.89 * 1.00) | Val 413.28 | Test 399.75
  Epoch 105 | Loss 403.23 (recon 386.35 + kl 16.89 * 1.00) | Val 413.14 | Test 399.88 *
  Epoch 110 | Loss 403.16 (recon 386.20 + kl 16.95 * 1.00) | Val 413.19 | Test 399.79 *
  Epoch 120 | Loss 403.27 (recon 386.35 + kl 16.92 * 1.00) | Val 413.30 | Test 399.74
  Epoch 121 | Loss 403.12 (recon 386.24 + kl 16.87 * 1.00) | Val 413.20 | Test 399.67 *
  Epoch 130 | Loss 403.18 (recon 386.29 + kl 16.89 * 1.00) | Val 413.28 | Test 399.53
  Early stopping at epoch 136 (patience=15)

  Results for T8 (2011-2013):
    TC (NPMI):   -0.0775
    TD:          0.9961
    IRBO:        0.9981
    TQ:          -0.0772
    PPL (next):  1006.04
    ρ_t:         0.1995
    Train time:  948.4s

============================================================
 Topics (T8 (2011-2013)): 20 topics
============================================================
  [ 0] processors, computation, hardware, computers, processor, computations, time, scheme, implemented, generation
  [ 1] figure, shows, plots, tested, shown, results, averaged, versus, table, experiments
  [ 2] class, data, statistical, points, density, quantiles, quantile, instances, distance, instance
  [ 3] similarities, similarity, lsh, representative, distance, distances, euclidean, clustering, points, matrix
  [ 4] matrix, recovered, recovering, recover, principal, observed, generated, recovers, analysis, component
  [ 5] connections, inhibitory, structure, definition, crp, process, hierarchical, restaurant, distant, modules
  [ 6] linear, descent, vector, input, output, gradient, squares, layer, backpropagation, pre
  [ 7] state, trajectories, initial, robot, trajectory, markov, states, obstacles, camera, stationary
  [ 8] applications, problems, variety, great, powerful, rich, limited, challenges, important, researchers
  [ 9] press, kaufmann, morgan, proceedings, proc, eds, international, references, cambridge, editors
  [10] convergence, duality, thanks, minima, proved, result, discussion, numerical, bound, yields
  [11] example, unit, corresponding, set, zero, let, product, unique, sides, positive
  [12] image, pixel, object, images, visual, oriented, pixels, orientation, texture, patches
  [13] distribution, posterior, model, likelihood, parameters, prior, expectation, given, multinomial, conditional
  [14] presynaptic, membrane, synaptic, voltage, stimulus, neuron, postsynaptic, neurons, spike, currents
  [15] error, good, shawe, bias, low, zemel, lafferty, neural, representations, gram
  [16] state, states, hmm, models, time, dynamic, based, kernel, product, section
  [17] people, english, news, mechanical, categories, participants, graduate, amazon, health, language
  [18] node, nodes, leaf, tree, child, labels, edge, edges, assignment, labeling
  [19] regret, learner, chooses, bandit, arm, exploration, rounds, strategy, reward, rewards


────────────────────────────────────────────────────────────
 Timestamp 10/11: 2014-2016 (31179 train docs)
────────────────────────────────────────────────────────────
  Epoch   1 | Loss 478.97 (recon 477.31 + kl 49.63 * 0.03) | Val 508.36 | Test 516.40 *
  Epoch   2 | Loss 446.37 (recon 443.17 + kl 48.01 * 0.07) | Val 477.39 | Test 484.93 *
  Epoch   3 | Loss 434.92 (recon 430.66 + kl 42.56 * 0.10) | Val 465.40 | Test 472.62 *
  Epoch   4 | Loss 428.46 (recon 423.17 + kl 39.61 * 0.13) | Val 456.72 | Test 463.89 *
  Epoch   5 | Loss 424.98 (recon 418.69 + kl 37.70 * 0.17) | Val 453.66 | Test 460.72 *
  Epoch   6 | Loss 422.96 (recon 415.76 + kl 35.99 * 0.20) | Val 448.49 | Test 455.75 *
  Epoch   7 | Loss 421.84 (recon 413.82 + kl 34.36 * 0.23) | Val 444.92 | Test 452.13 *
  Epoch   8 | Loss 421.07 (recon 412.32 + kl 32.81 * 0.27) | Val 443.54 | Test 450.63 *
  Epoch   9 | Loss 420.82 (recon 411.37 + kl 31.53 * 0.30) | Val 440.90 | Test 447.97 *
  Epoch  10 | Loss 420.72 (recon 410.59 + kl 30.38 * 0.33) | Val 439.68 | Test 446.68 *
  Epoch  11 | Loss 420.57 (recon 409.82 + kl 29.31 * 0.37) | Val 437.75 | Test 444.88 *
  Epoch  12 | Loss 420.71 (recon 409.43 + kl 28.20 * 0.40) | Val 435.57 | Test 442.66 *
  Epoch  13 | Loss 420.82 (recon 409.03 + kl 27.20 * 0.43) | Val 436.17 | Test 443.14 *
  Epoch  14 | Loss 421.08 (recon 408.77 + kl 26.39 * 0.47) | Val 435.07 | Test 442.11 *
  Epoch  15 | Loss 421.25 (recon 408.48 + kl 25.54 * 0.50) | Val 433.21 | Test 440.28 *
  Epoch  16 | Loss 421.69 (recon 408.48 + kl 24.76 * 0.53) | Val 433.00 | Test 440.12 *
  Epoch  19 | Loss 422.62 (recon 408.24 + kl 22.72 * 0.63) | Val 431.00 | Test 438.07 *
  Epoch  20 | Loss 423.10 (recon 408.36 + kl 22.12 * 0.67) | Val 430.22 | Test 437.40 *
  Epoch  23 | Loss 424.25 (recon 408.51 + kl 20.54 * 0.77) | Val 429.59 | Test 436.56 *
  Epoch  24 | Loss 424.64 (recon 408.61 + kl 20.04 * 0.80) | Val 429.12 | Test 436.15 *
  Epoch  30 | Loss 427.24 (recon 409.80 + kl 17.45 * 1.00) | Val 428.00 | Test 435.17
  Epoch  31 | Loss 426.45 (recon 409.13 + kl 17.31 * 1.00) | Val 427.07 | Test 434.19 *
  Epoch  32 | Loss 426.19 (recon 408.90 + kl 17.29 * 1.00) | Val 426.96 | Test 433.94 *
  Epoch  33 | Loss 426.10 (recon 408.82 + kl 17.28 * 1.00) | Val 427.04 | Test 434.18 *
  Epoch  34 | Loss 425.94 (recon 408.76 + kl 17.19 * 1.00) | Val 427.19 | Test 434.24 *
  Epoch  35 | Loss 425.86 (recon 408.65 + kl 17.20 * 1.00) | Val 426.96 | Test 434.10 *
  Epoch  36 | Loss 425.84 (recon 408.64 + kl 17.20 * 1.00) | Val 426.64 | Test 433.85 *
  Epoch  37 | Loss 425.62 (recon 408.48 + kl 17.15 * 1.00) | Val 426.81 | Test 433.84 *
  Epoch  40 | Loss 425.45 (recon 408.34 + kl 17.11 * 1.00) | Val 426.79 | Test 433.75
  Epoch  41 | Loss 425.38 (recon 408.33 + kl 17.05 * 1.00) | Val 426.46 | Test 433.63 *
  Epoch  42 | Loss 425.34 (recon 408.26 + kl 17.08 * 1.00) | Val 426.36 | Test 433.38 *
  Epoch  46 | Loss 425.10 (recon 408.08 + kl 17.02 * 1.00) | Val 426.52 | Test 433.73 *
  Epoch  50 | Loss 424.90 (recon 407.83 + kl 17.07 * 1.00) | Val 426.28 | Test 433.43
  Epoch  52 | Loss 424.86 (recon 407.86 + kl 17.00 * 1.00) | Val 426.49 | Test 433.42 *
  Epoch  54 | Loss 424.75 (recon 407.74 + kl 17.01 * 1.00) | Val 426.11 | Test 433.33 *
  Epoch  55 | Loss 424.82 (recon 407.81 + kl 17.01 * 1.00) | Val 426.20 | Test 433.26 *
  Epoch  57 | Loss 424.65 (recon 407.66 + kl 16.99 * 1.00) | Val 426.17 | Test 433.35 *
  Epoch  60 | Loss 424.56 (recon 407.54 + kl 17.02 * 1.00) | Val 426.24 | Test 433.08
  Epoch  64 | Loss 424.04 (recon 407.08 + kl 16.96 * 1.00) | Val 425.89 | Test 432.92 *
  Epoch  65 | Loss 424.01 (recon 406.99 + kl 17.02 * 1.00) | Val 425.69 | Test 432.67 *
  Epoch  66 | Loss 423.98 (recon 407.01 + kl 16.97 * 1.00) | Val 425.64 | Test 432.73 *
  Epoch  70 | Loss 423.88 (recon 406.86 + kl 17.02 * 1.00) | Val 425.71 | Test 432.80
  Epoch  71 | Loss 423.90 (recon 406.92 + kl 16.98 * 1.00) | Val 425.67 | Test 432.73 *
  Epoch  72 | Loss 423.79 (recon 406.85 + kl 16.94 * 1.00) | Val 425.59 | Test 432.53 *
  Epoch  77 | Loss 423.69 (recon 406.68 + kl 17.01 * 1.00) | Val 425.59 | Test 432.54 *
  Epoch  80 | Loss 423.75 (recon 406.80 + kl 16.95 * 1.00) | Val 425.54 | Test 432.62
  Epoch  85 | Loss 423.55 (recon 406.58 + kl 16.97 * 1.00) | Val 425.43 | Test 432.48 *
  Epoch  86 | Loss 423.46 (recon 406.51 + kl 16.95 * 1.00) | Val 425.41 | Test 432.42 *
  Epoch  87 | Loss 423.37 (recon 406.32 + kl 17.05 * 1.00) | Val 425.37 | Test 432.56 *
  Epoch  88 | Loss 423.41 (recon 406.47 + kl 16.94 * 1.00) | Val 425.46 | Test 432.60 *
  Epoch  90 | Loss 423.38 (recon 406.42 + kl 16.96 * 1.00) | Val 425.50 | Test 432.40
  Epoch  94 | Loss 423.22 (recon 406.30 + kl 16.93 * 1.00) | Val 425.28 | Test 432.35 *
  Epoch 100 | Loss 423.21 (recon 406.22 + kl 16.99 * 1.00) | Val 425.31 | Test 432.37
  Epoch 101 | Loss 423.05 (recon 406.08 + kl 16.97 * 1.00) | Val 425.28 | Test 432.43 *
  Epoch 103 | Loss 423.07 (recon 406.08 + kl 16.99 * 1.00) | Val 425.28 | Test 432.38 *
  Epoch 110 | Loss 423.08 (recon 406.16 + kl 16.91 * 1.00) | Val 425.23 | Test 432.16
  Early stopping at epoch 118 (patience=15)

  Results for T9 (2014-2016):
    TC (NPMI):   -0.0720
    TD:          0.9975
    IRBO:        0.9988
    TQ:          -0.0719
    PPL (next):  1009.70
    ρ_t:         0.1866
    Train time:  1041.0s

============================================================
 Topics (T9 (2014-2016)): 20 topics
============================================================
  [ 0] number, size, run, large, single, hardware, needed, berlin, reduce, lecture
  [ 1] figure, table, shown, shows, tested, plotted, performance, results, test, plot
  [ 2] class, generalization, consistent, hypothesis, hypotheses, discriminant, data, transductive, mmd, measure
  [ 3] points, clustering, eigendecomposition, svd, user, movies, users, eigenvectors, vectors, lsh
  [ 4] recover, sparse, noise, recovery, matrix, observed, entries, planted, recovering, signal
  [ 5] modules, hierarchical, connection, antonoglou, hassabis, tree, module, hierarchy, networks, exhibit
  [ 6] descent, gradient, linear, output, vector, end, update, input, followed, solve
  [ 7] state, trajectory, trajectories, obstacles, states, transitions, starting, dynamics, robotic, obstacle
  [ 8] variety, limited, applications, wide, problems, powerful, complex, learning, recent, applicability
  [ 9] references, proceedings, pages, proc, conference, international, editors, press, ieee, wiley
  [10] result, terms, second, conclude, convergence, proof, conditions, proved, discussion, converge
  [11] example, unit, correspond, represent, set, corresponding, equivalently, zero, symmetry, arrangement
  [12] image, object, pixels, pixel, images, patch, spatial, patches, appearance, receptive
  [13] distribution, posterior, model, prior, parameters, variational, likelihood, expectation, process, inference
  [14] stimulus, inhibitory, excitatory, voltage, spike, activity, onset, membrane, excitation, motor
  [15] error, small, large, good, explanation, close, suggests, makes, argue, second
  [16] section, structured, state, dependency, time, series, relation, axioms, complexity, present
  [17] english, turk, annotators, mechanical, language, answer, questions, people, amazon, collected
  [18] nodes, tree, labeling, edge, node, graph, edges, cliques, constraints, cuts
  [19] regret, rewards, reward, actions, action, exploration, chooses, expected, game, cumulative


────────────────────────────────────────────────────────────
 Timestamp 11/11: 2017-2019 (79263 train docs)
────────────────────────────────────────────────────────────
  Epoch   1 | Loss 455.24 (recon 453.45 + kl 53.65 * 0.03) | Val 476.23 | Test 480.78 *
  Epoch   2 | Loss 424.79 (recon 421.61 + kl 47.68 * 0.07) | Val 455.69 | Test 460.21 *
  Epoch   3 | Loss 417.75 (recon 413.36 + kl 43.90 * 0.10) | Val 447.54 | Test 451.93 *
  Epoch   4 | Loss 415.40 (recon 409.92 + kl 41.04 * 0.13) | Val 444.13 | Test 448.48 *
  Epoch   5 | Loss 414.41 (recon 408.01 + kl 38.43 * 0.17) | Val 439.14 | Test 443.71 *
  Epoch   6 | Loss 414.07 (recon 406.80 + kl 36.34 * 0.20) | Val 437.00 | Test 441.30 *
  Epoch   7 | Loss 414.06 (recon 406.01 + kl 34.51 * 0.23) | Val 434.29 | Test 438.70 *
  Epoch   8 | Loss 414.24 (recon 405.47 + kl 32.89 * 0.27) | Val 433.74 | Test 438.06 *
  Epoch   9 | Loss 414.64 (recon 405.17 + kl 31.56 * 0.30) | Val 430.88 | Test 435.29 *
  Epoch  10 | Loss 415.05 (recon 404.95 + kl 30.30 * 0.33) | Val 430.04 | Test 434.42 *
  Epoch  12 | Loss 416.21 (recon 404.96 + kl 28.14 * 0.40) | Val 428.31 | Test 432.70 *
  Epoch  13 | Loss 416.71 (recon 404.90 + kl 27.25 * 0.43) | Val 427.87 | Test 432.20 *
  Epoch  14 | Loss 417.29 (recon 405.00 + kl 26.34 * 0.47) | Val 426.56 | Test 430.90 *
  Epoch  16 | Loss 418.55 (recon 405.34 + kl 24.76 * 0.53) | Val 425.55 | Test 429.91 *
  Epoch  17 | Loss 419.16 (recon 405.55 + kl 24.02 * 0.57) | Val 425.12 | Test 429.56 *
  Epoch  19 | Loss 420.35 (recon 405.96 + kl 22.72 * 0.63) | Val 424.48 | Test 428.90 *
  Epoch  20 | Loss 421.10 (recon 406.36 + kl 22.11 * 0.67) | Val 424.11 | Test 428.56
  Epoch  26 | Loss 423.96 (recon 407.46 + kl 19.05 * 0.87) | Val 422.16 | Test 426.47 *
  Epoch  30 | Loss 425.97 (recon 408.45 + kl 17.53 * 1.00) | Val 421.73 | Test 426.18
  Epoch  40 | Loss 425.22 (recon 407.95 + kl 17.26 * 1.00) | Val 421.28 | Test 425.73
  Early stopping at epoch 41 (patience=15)

  Results for T10 (2017-2019):
    TC (NPMI):   -0.0839
    TD:          0.9979
    IRBO:        0.9982
    TQ:          -0.0837
    ρ_t:         0.1756
    Train time:  904.2s

============================================================
 Topics (T10 (2017-2019)): 20 topics
============================================================
  [ 0] chip, started, milliseconds, accepted, accept, computation, retina, parallelize, grown, checks
  [ 1] figure, table, reported, plots, figures, plot, ran, plotted, averaged, experiments
  [ 2] class, svm, examples, unlabeled, labeled, criterion, classes, data, labelled, ssl
  [ 3] clustering, means, centers, products, dissimilarities, similarity, representative, points, agglomerative, distances
  [ 4] noiseless, ica, random, noise, independent, recovering, transmission, recovery, signal, gaussian
  [ 5] connections, hebbian, surround, cells, excitatory, roles, attractor, walk, role, modulation
  [ 6] applied, use, descent, weight, implemented, pre, weights, gradient, implement, vector
  [ 7] trajectories, state, dynamics, trajectory, system, pendulum, goal, initial, starting, states
  [ 8] applications, limited, variety, great, promise, challenges, focused, recent, problems, gained
  [ 9] pages, proceedings, international, conference, david, michael, press, editors, url, peter
  [10] thanks, convergence, discussions, order, discussion, second, remarks, supported, grants, necessarily
  [11] example, unit, represented, said, represent, lie, represents, odd, restriction, zero
  [12] pixel, image, appearance, occlusion, object, segmentation, occlusions, texture, rgb, pyramid
  [13] distribution, use, variational, prior, likelihood, model, multinomial, posterior, process, conditional
  [14] stimulus, inhibitory, synaptic, activity, excitatory, response, stimulation, neuronal, cortical, physiological
  [15] generalization, good, small, argued, stable, far, close, bias, remains, understand
  [16] computational, state, dbn, sequences, folds, viterbi, linguistics, multiset, transduction, sions
  [17] sentences, turk, text, amazon, articles, sentiment, asked, english, utterance, paired
  [18] node, edge, nodes, edges, pagerank, graph, luxburg, loopy, passing, fergus
  [19] regret, chooses, learner, cumulative, actions, playing, expected, knows, action, rounds


======================================================================
 Final Summary
======================================================================
  Avg TC (NPMI):  -0.1242
  Avg TD:         0.9978
  Avg IRBO:       0.9990
  Avg TQ:         -0.1239
  TQ (paper):     -0.1239
  TTS (Jaccard):  0.2080
  TTS (paper):    0.3267
  Avg PPL:        1178.66

  Global memory saved to outputs_k20/final_global_memory (step=11)

============================================================
 Topics (Final Global): 20 topics
============================================================
  [ 0] hardware, chip, computation, large, size, implementation, processors, processor, cmos, required
  [ 1] figure, table, shows, plots, results, performance, shown, better, runs, compared
  [ 2] class, data, examples, labeled, unlabeled, classes, measure, points, empirical, labels
  [ 3] clustering, points, similarity, distance, distances, clusters, means, metric, cluster, matrix
  [ 4] random, matrix, independent, noise, signal, recover, ica, analysis, sparse, gaussian
  [ 5] connections, excitatory, inhibitory, hierarchical, connection, cells, receptive, layer, selectivity, structure
  [ 6] vector, descent, linear, output, gradient, weight, weights, input, backpropagation, update
  [ 7] state, trajectory, robot, trajectories, initial, dynamics, states, point, starting, obstacles
  [ 8] applications, problems, variety, limited, great, recent, powerful, researchers, important, recently
  [ 9] press, proceedings, international, editors, conference, references, springer, pages, cambridge, ieee
  [10] convergence, result, converge, discussion, fact, solution, conditions, proofs, proof, numerical
  [11] unit, example, corresponding, let, zero, integers, equal, vector, write, unique
  [12] image, pixel, images, pixels, object, visual, spatial, texture, patches, scene
  [13] distribution, posterior, likelihood, prior, model, parameters, process, expectation, use, conditional
  [14] stimulus, membrane, voltage, synaptic, spike, presynaptic, activity, postsynaptic, inhibitory, onset
  [15] error, generalization, large, small, good, bound, suggests, term, capacity, bias
  [16] state, models, section, hmms, hmm, functions, structured, dependency, time, sequence
  [17] english, asked, corpus, language, people, text, sentences, word, collected, words
  [18] node, nodes, edges, edge, graph, tree, assignment, leaf, children, propagation
  [19] actions, learner, reward, regret, policy, exploration, chooses, action, rewards, expected


 Done! Results saved to outputs_k20/

========== RUN 2: K=50 v2 ==========
/home/huynguyenquang/CoNTM_baseline/.venv/lib/python3.13/site-packages/torch/cuda/__init__.py:180: UserWarning: CUDA initialization: The NVIDIA driver on your system is too old (found version 12090). Please update your GPU driver by downloading and installing a new version from the URL: http://www.nvidia.com/Download/index.aspx Alternatively, go to: https://pytorch.org to install a PyTorch version that has been compiled with your version of the CUDA driver. (Triggered internally at /pytorch/c10/cuda/CUDAFunctions.cpp:119.)
  return torch._C._cuda_getDeviceCount() > 0

 Configuration:
  alpha: 0.9
  batch_size: 256
  data_dir: data/NIPS
  device: cpu
  dropout: 0.2
  enc_hidden: 256
  epochs: 200
  kappa: 0.7
  kl_warmup_epochs: 30
  lr: 0.002
  n_topics: 50
  npmi_top_n: 10
  output_dir: outputs_k50_v2
  patience: 15
  seed: 42
  tau0: 1.0
  top_m: 15
  weight_decay: 1e-06

Loaded corpus: 6733 vocab, 11 timestamps, 218871 train docs, 27359 val docs, 27359 test docs

======================================================================
 CoNTM: 11 timestamps, 50 topics, V=6733
 Hyperparams: κ=0.7, τ₀=1.0, lr=0.002, hidden=256, α=0.9
 Device: cpu
======================================================================


────────────────────────────────────────────────────────────
 Timestamp 1/11: 1987-1989 (5251 train docs)
────────────────────────────────────────────────────────────
  Epoch   1 | Loss 379.82 (recon 378.95 + kl 26.34 * 0.03) | Val 440.56 | Test 425.04 *
  Epoch   2 | Loss 358.94 (recon 355.47 + kl 52.01 * 0.07) | Val 414.05 | Test 398.73 *
  Epoch   3 | Loss 346.67 (recon 342.28 + kl 43.94 * 0.10) | Val 409.26 | Test 394.21 *
  Epoch   4 | Loss 338.93 (recon 333.41 + kl 41.38 * 0.13) | Val 397.06 | Test 382.63 *
  Epoch   5 | Loss 332.96 (recon 326.47 + kl 38.92 * 0.17) | Val 384.66 | Test 370.99 *
  Epoch   6 | Loss 329.06 (recon 321.43 + kl 38.16 * 0.20) | Val 375.14 | Test 361.83 *
  Epoch   8 | Loss 322.43 (recon 312.97 + kl 35.48 * 0.27) | Val 368.89 | Test 355.86 *
  Epoch   9 | Loss 321.16 (recon 310.67 + kl 34.95 * 0.30) | Val 366.02 | Test 352.30 *
  Epoch  10 | Loss 318.47 (recon 307.24 + kl 33.68 * 0.33) | Val 362.22 | Test 348.67 *
  Epoch  12 | Loss 315.28 (recon 302.44 + kl 32.10 * 0.40) | Val 358.74 | Test 345.28 *
  Epoch  14 | Loss 312.10 (recon 297.54 + kl 31.19 * 0.47) | Val 356.11 | Test 342.68 *
  Epoch  15 | Loss 311.56 (recon 296.32 + kl 30.47 * 0.50) | Val 354.03 | Test 340.73 *
  Epoch  16 | Loss 310.05 (recon 294.21 + kl 29.70 * 0.53) | Val 351.85 | Test 338.67 *
  Epoch  17 | Loss 309.66 (recon 292.98 + kl 29.44 * 0.57) | Val 349.11 | Test 336.44 *
  Epoch  18 | Loss 309.47 (recon 292.20 + kl 28.78 * 0.60) | Val 347.40 | Test 334.71 *
  Epoch  19 | Loss 308.99 (recon 291.02 + kl 28.37 * 0.63) | Val 346.65 | Test 333.89 *
  Epoch  20 | Loss 307.41 (recon 288.94 + kl 27.70 * 0.67) | Val 344.84 | Test 332.28
  Epoch  21 | Loss 307.67 (recon 288.49 + kl 27.40 * 0.70) | Val 345.60 | Test 333.63 *
  Epoch  22 | Loss 307.25 (recon 287.32 + kl 27.19 * 0.73) | Val 344.67 | Test 332.52 *
  Epoch  24 | Loss 307.28 (recon 286.40 + kl 26.09 * 0.80) | Val 343.25 | Test 330.70 *
  Epoch  26 | Loss 305.86 (recon 283.92 + kl 25.32 * 0.87) | Val 341.85 | Test 328.26 *
  Epoch  27 | Loss 306.75 (recon 284.24 + kl 25.00 * 0.90) | Val 341.83 | Test 328.57 *
  Epoch  28 | Loss 306.69 (recon 283.59 + kl 24.75 * 0.93) | Val 341.22 | Test 328.07 *
  Epoch  30 | Loss 306.58 (recon 282.80 + kl 23.79 * 1.00) | Val 339.87 | Test 326.84 *
  Epoch  31 | Loss 306.17 (recon 282.22 + kl 23.95 * 1.00) | Val 338.95 | Test 326.39 *
  Epoch  32 | Loss 305.31 (recon 281.67 + kl 23.64 * 1.00) | Val 337.59 | Test 324.76 *
  Epoch  37 | Loss 302.72 (recon 279.08 + kl 23.64 * 1.00) | Val 337.20 | Test 324.26 *
  Epoch  38 | Loss 302.17 (recon 278.08 + kl 24.09 * 1.00) | Val 336.35 | Test 323.79 *
  Epoch  39 | Loss 301.68 (recon 277.87 + kl 23.81 * 1.00) | Val 335.26 | Test 322.77 *
  Epoch  40 | Loss 300.87 (recon 277.05 + kl 23.82 * 1.00) | Val 335.98 | Test 323.38
  Epoch  43 | Loss 299.89 (recon 276.03 + kl 23.86 * 1.00) | Val 335.62 | Test 322.35 *
  Epoch  44 | Loss 299.64 (recon 275.50 + kl 24.14 * 1.00) | Val 334.86 | Test 322.27 *
  Epoch  46 | Loss 298.94 (recon 274.70 + kl 24.24 * 1.00) | Val 333.84 | Test 321.30 *
  Epoch  50 | Loss 297.13 (recon 272.84 + kl 24.29 * 1.00) | Val 333.11 | Test 321.27 *
  Epoch  55 | Loss 294.96 (recon 270.42 + kl 24.54 * 1.00) | Val 331.86 | Test 319.75 *
  Epoch  57 | Loss 294.94 (recon 270.39 + kl 24.55 * 1.00) | Val 331.71 | Test 319.64 *
  Epoch  59 | Loss 294.78 (recon 270.06 + kl 24.72 * 1.00) | Val 332.88 | Test 320.80 *
  Epoch  60 | Loss 294.91 (recon 270.14 + kl 24.76 * 1.00) | Val 332.40 | Test 320.41 *
  Epoch  67 | Loss 291.47 (recon 266.57 + kl 24.90 * 1.00) | Val 330.85 | Test 318.73 *
  Epoch  68 | Loss 291.07 (recon 266.30 + kl 24.77 * 1.00) | Val 330.27 | Test 318.47 *
  Epoch  69 | Loss 290.84 (recon 266.15 + kl 24.69 * 1.00) | Val 330.18 | Test 317.64 *
  Epoch  70 | Loss 290.18 (recon 265.30 + kl 24.87 * 1.00) | Val 329.95 | Test 317.88 *
  Epoch  71 | Loss 289.99 (recon 265.05 + kl 24.94 * 1.00) | Val 329.74 | Test 317.61 *
  Epoch  73 | Loss 290.33 (recon 265.35 + kl 24.98 * 1.00) | Val 329.65 | Test 317.84 *
  Epoch  74 | Loss 290.13 (recon 265.23 + kl 24.90 * 1.00) | Val 329.12 | Test 317.57 *
  Epoch  77 | Loss 289.77 (recon 264.56 + kl 25.20 * 1.00) | Val 329.33 | Test 317.80 *
  Epoch  80 | Loss 288.96 (recon 263.68 + kl 25.28 * 1.00) | Val 329.53 | Test 317.13
  Epoch  84 | Loss 288.54 (recon 263.37 + kl 25.17 * 1.00) | Val 328.85 | Test 316.76 *
  Epoch  86 | Loss 287.78 (recon 262.76 + kl 25.02 * 1.00) | Val 328.62 | Test 316.78 *
  Epoch  90 | Loss 287.01 (recon 261.93 + kl 25.08 * 1.00) | Val 328.65 | Test 316.84 *
  Epoch  99 | Loss 286.97 (recon 261.81 + kl 25.16 * 1.00) | Val 327.99 | Test 315.84 *
  Epoch 100 | Loss 286.68 (recon 261.28 + kl 25.40 * 1.00) | Val 328.27 | Test 316.47
  Epoch 105 | Loss 286.47 (recon 261.28 + kl 25.19 * 1.00) | Val 327.84 | Test 316.15 *
  Epoch 110 | Loss 286.66 (recon 261.26 + kl 25.40 * 1.00) | Val 328.01 | Test 316.31
  Epoch 111 | Loss 285.97 (recon 260.59 + kl 25.38 * 1.00) | Val 328.06 | Test 316.35 *
  Epoch 118 | Loss 285.55 (recon 260.15 + kl 25.40 * 1.00) | Val 327.77 | Test 315.96 *
  Epoch 120 | Loss 285.63 (recon 260.29 + kl 25.34 * 1.00) | Val 327.91 | Test 315.82
  Epoch 130 | Loss 285.20 (recon 259.89 + kl 25.31 * 1.00) | Val 327.70 | Test 315.27
  Early stopping at epoch 133 (patience=15)

  Results for T0 (1987-1989):
    TC (NPMI):   -0.2892
    TD:          0.9981
    IRBO:        0.9994
    TQ:          -0.2886
    PPL (next):  1804.28
    ρ_t:         0.6156
    Train time:  207.1s

============================================================
 Topics (T0 (1987-1989)): 50 topics
============================================================
  [ 0] spike, membrane, firing, currents, potentials, presynaptic, voltage, somatic, soma, spikes
  [ 1] dilation, coherence, proposes, ambiguity, regime, infomax, analytic, restrictive, biologically, eigenvalue
  [ 2] templates, discriminator, recognizer, noise, gaussian, variances, degraded, soft, likelihoods, mixture
  [ 3] fractional, fitted, proportionally, slack, currents, enforce, demonstrations, lens, incurs, function
  [ 4] extracted, queue, bengio, decided, fft, segments, merges, frequency, meta, spatio
  [ 5] reliably, kolmogorov, model, capacity, poorer, memory, stored, bound, hopfield, sphere
  [ 6] sensors, locomotion, legs, body, leg, food, object, forces, mechanical, objects
  [ 7] controllers, nonlinear, lagrangian, locally, platt, quadratic, economic, parallelization, realize, multiplier
  [ 8] press, vol, proceedings, cambridge, mit, eds, international, san, conference, tech
  [ 9] motor, estimation, arm, model, eye, head, subjective, voice, murphy, observations
  [10] weights, decay, momentum, detector, intensive, unfolding, activities, diffusion, time, accumulate
  [11] eigenfunctions, denotes, multilinear, function, ary, angular, monotonic, scalar, radial, functions
  [12] jump, profiles, initialization, subjects, plot, exponent, synchronization, profile, tended, instability
  [13] adjoint, scan, tracker, saul, sky, fruitful, spin, remarks, performances, similarities
  [14] irregular, orientations, neighborhoods, dots, tracks, discontinuities, smooth, gradients, luminance, horizontally
  [15] redundancy, noticed, compressing, solla, improvements, appearing, indicator, freedom, shannon, signal
  [16] weight, charge, transistors, ram, mos, storage, addresses, growth, benchmark, clipped
  [17] kalman, iterate, lowing, survival, objectives, retraining, eligibility, potts, component, covariance
  [18] separating, classified, haussler, percept, membership, corollary, distribution, hyperplane, learnability, kearns
  [19] figure, cells, transistor, inhibitory, inferior, ganglion, retinal, left, curves, intensity
  [20] stable, oscillation, equilibrium, inverting, basin, equilibria, sustained, planck, loop, oscillatory
  [21] infomax, deterministically, resp, hash, neighbours, entropies, input, variable, principle, supremum
  [22] proteins, facial, sounds, localization, traditionally, perception, speech, protein, amino, disease
  [23] olfactory, standing, cortex, story, anatomical, primary, nervous, orthonormal, models, dense
  [24] fid, pushed, ample, alg, loops, stack, visible, pathways, hidden, pass
  [25] units, weather, location, unit, diagrams, rated, month, planning, predicting, joint
  [26] lot, odor, cells, olfactory, freeman, dominance, firing, cues, cue, cortex
  [27] digits, handwritten, views, people, automated, characters, deleted, mse, preprocessing, instantiation
  [28] molecule, route, gaze, markers, def, stein, schmidt, hessian, notes, penalty
  [29] hardware, vlsi, custom, neural, processors, simulator, implementations, computers, silicon, architectures
  [30] eigenvectors, lemma, mini, rank, eigenvalues, spanned, rewritten, ordinary, saddle, subspaces
  [31] mentation, informative, track, resolution, balance, corrections, restart, sampling, drift, displacement
  [32] permutation, destination, decoder, encoder, coming, codewords, arcs, branching, processor, slots
  [33] sentences, parsing, phonemes, phrase, repetitions, parser, jain, spoken, phoneme, semantic
  [34] teach, visualization, comparatively, issues, player, bypass, perfectly, dbm, game, tolerant
  [35] hidden, output, units, binary, ranking, cascade, median, sweeps, layer, exhaustive
  [36] synapse, learning, saturation, neuron, temperature, forgetting, annealing, temperatures, reinforcement, switch
  [37] vectors, kohonen, bidirectional, maps, labelling, codebook, memory, srm, focal, round
  [38] theorems, imposes, reformulation, counterparts, proofs, reaction, establish, drug, ods, sleep
  [39] genetic, davis, committee, learning, formance, systematic, spaces, backpropagation, gorithm, sorts
  [40] descent, steepest, gradient, interestingly, tively, contributes, deviations, reweighting, outlier, discontinuous
  [41] mrfs, yuille, solutions, straints, segmenting, mrf, smoothing, gibbs, cost, koch
  [42] classifiers, disjoint, partitions, unimodal, perceptrons, chips, hypersphere, uniformity, pruning, decision
  [43] delay, generators, echo, chaotic, time, bptt, strategy, filters, filtering, safety
  [44] pole, sutton, actions, reward, barto, plant, payoff, policy, cart, gather
  [45] bayes, probabilities, grammars, mlp, emission, correcting, penalties, bayesian, simplifying, snapshot
  [46] coordination, mozer, room, unusual, rejected, stores, speedups, rarely, safe, outcome
  [47] laboratory, office, research, supported, california, contract, institute, support, technology, department
  [48] wta, match, environmental, carry, message, bid, gates, messages, active, production
  [49] synthesize, color, device, signal, radar, transforms, illumination, diagnosis, fourier, synthesized


────────────────────────────────────────────────────────────
 Timestamp 2/11: 1990-1992 (7021 train docs)
────────────────────────────────────────────────────────────
  Epoch   1 | Loss 380.88 (recon 378.85 + kl 61.06 * 0.03) | Val 437.25 | Test 448.18 *
  Epoch   2 | Loss 353.02 (recon 347.98 + kl 75.57 * 0.07) | Val 418.43 | Test 429.26 *
  Epoch   3 | Loss 341.38 (recon 335.54 + kl 58.36 * 0.10) | Val 392.15 | Test 402.35 *
  Epoch   4 | Loss 335.69 (recon 328.68 + kl 52.56 * 0.13) | Val 370.37 | Test 379.19 *
  Epoch   5 | Loss 328.77 (recon 320.60 + kl 49.03 * 0.17) | Val 362.90 | Test 372.33 *
  Epoch   7 | Loss 321.94 (recon 311.40 + kl 45.18 * 0.23) | Val 347.89 | Test 357.00 *
  Epoch   8 | Loss 319.70 (recon 307.97 + kl 43.99 * 0.27) | Val 346.04 | Test 354.94 *
  Epoch  10 | Loss 316.09 (recon 302.25 + kl 41.51 * 0.33) | Val 344.27 | Test 353.03 *
  Epoch  11 | Loss 314.86 (recon 299.99 + kl 40.55 * 0.37) | Val 339.55 | Test 348.18 *
  Epoch  13 | Loss 313.07 (recon 296.44 + kl 38.37 * 0.43) | Val 336.18 | Test 344.83 *
  Epoch  15 | Loss 311.71 (recon 293.29 + kl 36.85 * 0.50) | Val 331.47 | Test 339.86 *
  Epoch  17 | Loss 310.19 (recon 290.18 + kl 35.31 * 0.57) | Val 330.82 | Test 339.12 *
  Epoch  19 | Loss 311.09 (recon 289.60 + kl 33.92 * 0.63) | Val 325.94 | Test 335.09 *
  Epoch  20 | Loss 310.94 (recon 288.82 + kl 33.17 * 0.67) | Val 325.83 | Test 334.48 *
  Epoch  24 | Loss 311.57 (recon 287.14 + kl 30.53 * 0.80) | Val 323.81 | Test 331.73 *
  Epoch  27 | Loss 312.14 (recon 286.31 + kl 28.70 * 0.90) | Val 321.54 | Test 329.74 *
  Epoch  28 | Loss 313.21 (recon 287.04 + kl 28.04 * 0.93) | Val 321.02 | Test 330.05 *
  Epoch  30 | Loss 313.60 (recon 286.85 + kl 26.75 * 1.00) | Val 321.24 | Test 329.62
  Epoch  33 | Loss 311.60 (recon 285.05 + kl 26.55 * 1.00) | Val 319.51 | Test 328.11 *
  Epoch  38 | Loss 309.12 (recon 282.80 + kl 26.32 * 1.00) | Val 319.07 | Test 327.46 *
  Epoch  40 | Loss 309.53 (recon 283.23 + kl 26.31 * 1.00) | Val 318.19 | Test 326.51
  Epoch  42 | Loss 307.79 (recon 281.44 + kl 26.35 * 1.00) | Val 317.63 | Test 325.27 *
  Epoch  47 | Loss 306.32 (recon 280.03 + kl 26.29 * 1.00) | Val 317.18 | Test 326.03 *
  Epoch  50 | Loss 304.73 (recon 278.54 + kl 26.19 * 1.00) | Val 316.58 | Test 324.12
  Epoch  51 | Loss 305.38 (recon 278.95 + kl 26.43 * 1.00) | Val 316.06 | Test 324.25 *
  Epoch  52 | Loss 304.79 (recon 278.63 + kl 26.16 * 1.00) | Val 316.17 | Test 324.25 *
  Epoch  53 | Loss 305.38 (recon 279.02 + kl 26.36 * 1.00) | Val 315.80 | Test 324.09 *
  Epoch  54 | Loss 304.63 (recon 278.45 + kl 26.17 * 1.00) | Val 316.88 | Test 325.08 *
  Epoch  59 | Loss 303.56 (recon 277.30 + kl 26.26 * 1.00) | Val 315.13 | Test 323.87 *
  Epoch  60 | Loss 303.18 (recon 276.81 + kl 26.36 * 1.00) | Val 314.57 | Test 323.26 *
  Epoch  62 | Loss 302.90 (recon 276.57 + kl 26.34 * 1.00) | Val 315.02 | Test 323.33 *
  Epoch  63 | Loss 302.49 (recon 276.33 + kl 26.15 * 1.00) | Val 315.25 | Test 323.98 *
  Epoch  66 | Loss 301.86 (recon 275.50 + kl 26.36 * 1.00) | Val 314.77 | Test 322.82 *
  Epoch  68 | Loss 301.26 (recon 274.87 + kl 26.39 * 1.00) | Val 314.93 | Test 323.75 *
  Epoch  70 | Loss 301.21 (recon 274.80 + kl 26.41 * 1.00) | Val 314.47 | Test 322.99
  Epoch  71 | Loss 300.85 (recon 274.46 + kl 26.39 * 1.00) | Val 314.31 | Test 322.88 *
  Epoch  76 | Loss 300.65 (recon 274.45 + kl 26.20 * 1.00) | Val 314.13 | Test 322.93 *
  Epoch  80 | Loss 299.37 (recon 272.95 + kl 26.42 * 1.00) | Val 314.03 | Test 322.34
  Epoch  83 | Loss 298.69 (recon 272.25 + kl 26.44 * 1.00) | Val 313.14 | Test 321.00 *
  Epoch  84 | Loss 297.83 (recon 271.30 + kl 26.54 * 1.00) | Val 312.95 | Test 321.27 *
  Epoch  85 | Loss 298.36 (recon 271.97 + kl 26.39 * 1.00) | Val 312.78 | Test 321.10 *
  Epoch  90 | Loss 297.16 (recon 270.74 + kl 26.42 * 1.00) | Val 312.57 | Test 320.67
  Epoch  92 | Loss 296.18 (recon 269.94 + kl 26.24 * 1.00) | Val 312.46 | Test 320.61 *
  Epoch  93 | Loss 296.52 (recon 269.99 + kl 26.53 * 1.00) | Val 312.12 | Test 320.60 *
  Epoch  96 | Loss 296.38 (recon 269.89 + kl 26.49 * 1.00) | Val 312.13 | Test 320.15 *
  Epoch  98 | Loss 296.54 (recon 270.06 + kl 26.47 * 1.00) | Val 311.96 | Test 320.68 *
  Epoch 100 | Loss 295.76 (recon 269.30 + kl 26.46 * 1.00) | Val 312.14 | Test 320.04
  Epoch 102 | Loss 295.29 (recon 268.64 + kl 26.66 * 1.00) | Val 311.94 | Test 320.31 *
  Epoch 106 | Loss 294.74 (recon 268.23 + kl 26.51 * 1.00) | Val 312.13 | Test 320.07 *
  Epoch 107 | Loss 295.39 (recon 268.78 + kl 26.61 * 1.00) | Val 312.00 | Test 319.83 *
  Epoch 110 | Loss 295.47 (recon 268.88 + kl 26.59 * 1.00) | Val 312.13 | Test 320.09
  Epoch 114 | Loss 295.13 (recon 268.61 + kl 26.52 * 1.00) | Val 312.38 | Test 320.25 *
  Epoch 117 | Loss 295.10 (recon 268.41 + kl 26.69 * 1.00) | Val 311.78 | Test 319.87 *
  Epoch 119 | Loss 294.71 (recon 268.06 + kl 26.65 * 1.00) | Val 311.68 | Test 319.86 *
  Epoch 120 | Loss 294.32 (recon 267.64 + kl 26.68 * 1.00) | Val 311.40 | Test 320.06
  Epoch 121 | Loss 295.01 (recon 268.50 + kl 26.51 * 1.00) | Val 311.54 | Test 320.26 *
  Epoch 129 | Loss 294.26 (recon 267.59 + kl 26.67 * 1.00) | Val 311.37 | Test 319.65 *
  Epoch 130 | Loss 294.73 (recon 268.14 + kl 26.59 * 1.00) | Val 311.79 | Test 319.63
  Epoch 140 | Loss 293.99 (recon 267.25 + kl 26.74 * 1.00) | Val 311.68 | Test 319.38
  Early stopping at epoch 144 (patience=15)

  Results for T1 (1990-1992):
    TC (NPMI):   -0.2693
    TD:          0.9983
    IRBO:        0.9996
    TQ:          -0.2689
    PPL (next):  1235.26
    ρ_t:         0.4635
    Train time:  310.9s

============================================================
 Topics (T1 (1990-1992)): 50 topics
============================================================
  [ 0] membrane, presynaptic, postsynaptic, spike, efficacy, soma, conductance, synaptic, neuronal, trains
  [ 1] emergence, selectivity, orientation, win, dominance, ocular, optimum, correlations, decay, cheaper
  [ 2] rbf, phoneme, mis, phonemes, center, proportions, mean, difference, minute, lists
  [ 3] financial, focusing, numeric, acknowledgement, rms, compactness, guaranteeing, majority, request, rating
  [ 4] acoustics, traveling, convolutional, guyon, speech, handwritten, son, digits, sequence, utterance
  [ 5] specialization, capacity, hopfield, equals, stored, model, disadvantage, kernel, number, retrieval
  [ 6] viewing, sign, illumination, object, deformation, recovered, personal, displacement, rigid, positions
  [ 7] setup, tolerant, modal, anderson, jain, orthogonality, reproduces, analog, linearized, hilbert
  [ 8] press, eds, vol, kaufmann, morgan, ieee, mateo, proceedings, advances, san
  [ 9] motor, movements, eye, movement, arm, physiological, fibers, obstacle, vehicle, position
  [10] speedup, derivative, gradient, adjoint, perturbation, scales, update, token, stabilize, newton
  [11] operator, angular, laplacian, linear, function, functions, sorting, ridge, computable, hat
  [12] biased, performance, randomization, plots, versus, test, generalizations, dotted, able, generations
  [13] families, relating, extensively, sci, masks, collective, sults, metropolis, discussed, amari
  [14] intersect, line, cos, lines, rectangles, sin, regions, triangles, circle, arrow
  [15] restricting, incurs, ensuring, gender, dependencies, hidden, representatives, wonder, snr, shannon
  [16] charge, capacitor, injection, overall, sparsity, ference, infomax, cun, lagrange, formula
  [17] term, successor, perturbing, noise, definite, decouple, faced, additive, owl, ith
  [18] hint, examples, pac, ated, stating, concept, drawn, scalable, fore, unlimited
  [19] surround, intensity, horizontal, retina, figure, ganglion, receptors, silicon, receptor, arrows
  [20] bifurcation, equilibria, oscillation, lagrangian, route, attractors, triangular, stable, routing, eigenvector
  [21] brackets, distribution, vector, food, probability, phases, principled, locked, module, factored
  [22] speech, diverse, luminance, recognition, spoken, distinguished, frames, distortions, discussing, segmentation
  [23] olfactory, dendritic, permit, selectively, freeman, enhance, cortex, mrfs, combining, asymmetric
  [24] compensation, wilson, impulse, inverse, gains, suggestion, matters, symbols, budget, removal
  [25] units, legs, unit, overlap, characters, detectors, receptive, aggregates, fields, shaping
  [26] cells, firing, cell, rats, monkeys, roc, behaving, rat, food, waves
  [27] segmented, shapes, prototypes, templates, informal, digits, skin, dataset, exemplars, characters
  [28] lemmas, secondary, stress, acids, markers, normality, sentiment, cij, mate, ago
  [29] chip, vlsi, chips, processors, millions, hardware, computers, implementations, board, implementation
  [30] def, dirac, let, dai, haar, maxi, satisfy, satisfies, mod, coloring
  [31] daily, slices, needing, prescribed, disk, increment, runs, keys, costly, trials
  [32] message, closest, port, calculates, specially, beta, inserted, pop, car, atom
  [33] languages, sentences, english, speakers, language, meaning, grammar, words, linguistic, strings
  [34] chen, play, game, evolutionary, clinical, theorems, standing, sun, properly, suspect
  [35] hidden, bipartite, encoder, layer, units, pendulum, autoencoder, grayscale, ascent, inverted
  [36] evolves, state, murray, annealed, comparator, thinking, impact, realize, allen, basin
  [37] clusters, representation, irrelevant, quantize, feature, proaches, quantization, attributes, stage, cues
  [38] offs, exact, evidence, seminal, asymptotics, dyadic, invalid, interpretations, answer, highlights
  [39] breiman, bases, domain, learning, regression, domains, susceptible, symbolic, methods, relying
  [40] margin, chapter, hessian, isotropic, permutations, diagonal, minimum, foundations, transformations, bell
  [41] constraint, poggio, smoothness, lem, constraints, elastic, annealing, process, problem, posed
  [42] knn, classifiers, mlp, splines, genetic, tree, partitioning, paradigms, reuse, basis
  [43] explosion, chaos, phrases, accounted, wanted, adams, inhomogeneous, tightly, internally, throughput
  [44] sutton, actions, watkins, reinforcement, learning, reward, barto, agent, discount, policy
  [45] reformulation, priors, observation, bengio, erm, prior, tile, inference, bottou, topology
  [46] regulatory, future, job, predictable, designer, avenue, magnitudes, delivered, ahead, denominator
  [47] supported, thank, thanks, grant, discussions, grateful, comments, contract, fellowship, foundation
  [48] certainty, links, unary, character, membership, simplify, cliques, sleep, calling, fuzzy
  [49] snr, noise, signal, infomax, incident, transactions, beam, positives, cutoff, fourier


────────────────────────────────────────────────────────────
 Timestamp 3/11: 1993-1995 (7796 train docs)
────────────────────────────────────────────────────────────
  Epoch   1 | Loss 385.32 (recon 383.11 + kl 66.36 * 0.03) | Val 461.19 | Test 453.00 *
  Epoch   2 | Loss 355.10 (recon 349.82 + kl 79.17 * 0.07) | Val 451.34 | Test 443.38 *
  Epoch   3 | Loss 342.03 (recon 335.56 + kl 64.66 * 0.10) | Val 407.35 | Test 400.12 *
  Epoch   4 | Loss 334.82 (recon 327.15 + kl 57.53 * 0.13) | Val 390.79 | Test 384.01 *
  Epoch   5 | Loss 329.64 (recon 320.74 + kl 53.39 * 0.17) | Val 379.48 | Test 373.25 *
  Epoch   6 | Loss 325.88 (recon 315.72 + kl 50.80 * 0.20) | Val 372.58 | Test 365.90 *
  Epoch   9 | Loss 318.58 (recon 304.93 + kl 45.53 * 0.30) | Val 366.83 | Test 360.60 *
  Epoch  10 | Loss 316.63 (recon 301.95 + kl 44.05 * 0.33) | Val 364.74 | Test 358.61 *
  Epoch  11 | Loss 316.14 (recon 300.44 + kl 42.82 * 0.37) | Val 360.85 | Test 355.31 *
  Epoch  12 | Loss 315.30 (recon 298.67 + kl 41.56 * 0.40) | Val 359.15 | Test 352.70 *
  Epoch  13 | Loss 314.29 (recon 296.79 + kl 40.39 * 0.43) | Val 358.22 | Test 351.63 *
  Epoch  14 | Loss 313.96 (recon 295.60 + kl 39.34 * 0.47) | Val 354.33 | Test 348.05 *
  Epoch  15 | Loss 313.31 (recon 294.02 + kl 38.59 * 0.50) | Val 352.79 | Test 346.88 *
  Epoch  16 | Loss 312.91 (recon 292.87 + kl 37.57 * 0.53) | Val 350.40 | Test 344.48 *
  Epoch  17 | Loss 313.19 (recon 292.40 + kl 36.69 * 0.57) | Val 350.54 | Test 344.46 *
  Epoch  18 | Loss 313.23 (recon 291.66 + kl 35.95 * 0.60) | Val 348.34 | Test 342.05 *
  Epoch  20 | Loss 313.11 (recon 290.38 + kl 34.09 * 0.67) | Val 347.02 | Test 341.29
  Epoch  22 | Loss 314.34 (recon 290.27 + kl 32.82 * 0.73) | Val 345.24 | Test 338.90 *
  Epoch  23 | Loss 313.99 (recon 289.49 + kl 31.95 * 0.77) | Val 345.80 | Test 339.78 *
  Epoch  26 | Loss 314.98 (recon 288.99 + kl 29.99 * 0.87) | Val 343.28 | Test 337.21 *
  Epoch  30 | Loss 316.52 (recon 289.18 + kl 27.35 * 1.00) | Val 342.90 | Test 336.25
  Epoch  32 | Loss 315.64 (recon 288.36 + kl 27.28 * 1.00) | Val 340.62 | Test 334.62 *
  Epoch  36 | Loss 314.57 (recon 287.66 + kl 26.91 * 1.00) | Val 340.46 | Test 333.65 *
  Epoch  40 | Loss 312.86 (recon 286.27 + kl 26.59 * 1.00) | Val 339.26 | Test 332.25
  Epoch  41 | Loss 312.81 (recon 286.23 + kl 26.58 * 1.00) | Val 338.97 | Test 332.38 *
  Epoch  43 | Loss 311.86 (recon 285.41 + kl 26.44 * 1.00) | Val 338.74 | Test 332.48 *
  Epoch  44 | Loss 311.58 (recon 284.99 + kl 26.59 * 1.00) | Val 338.39 | Test 332.38 *
  Epoch  47 | Loss 310.34 (recon 283.88 + kl 26.46 * 1.00) | Val 337.54 | Test 331.57 *
  Epoch  50 | Loss 309.28 (recon 283.03 + kl 26.26 * 1.00) | Val 337.59 | Test 331.53
  Epoch  51 | Loss 310.04 (recon 283.62 + kl 26.42 * 1.00) | Val 337.16 | Test 330.91 *
  Epoch  58 | Loss 307.02 (recon 280.72 + kl 26.30 * 1.00) | Val 335.66 | Test 329.94 *
  Epoch  60 | Loss 306.16 (recon 279.95 + kl 26.22 * 1.00) | Val 335.70 | Test 329.62
  Epoch  62 | Loss 305.60 (recon 279.33 + kl 26.27 * 1.00) | Val 335.44 | Test 328.84 *
  Epoch  67 | Loss 305.65 (recon 279.30 + kl 26.35 * 1.00) | Val 335.08 | Test 329.07 *
  Epoch  70 | Loss 305.43 (recon 278.93 + kl 26.50 * 1.00) | Val 334.80 | Test 328.70
  Epoch  71 | Loss 304.62 (recon 278.25 + kl 26.38 * 1.00) | Val 334.92 | Test 328.87 *
  Epoch  72 | Loss 304.18 (recon 277.74 + kl 26.43 * 1.00) | Val 334.59 | Test 328.62 *
  Epoch  77 | Loss 303.87 (recon 277.39 + kl 26.48 * 1.00) | Val 334.95 | Test 328.39 *
  Epoch  78 | Loss 304.10 (recon 277.58 + kl 26.52 * 1.00) | Val 335.14 | Test 328.64 *
  Epoch  80 | Loss 304.20 (recon 277.67 + kl 26.53 * 1.00) | Val 334.87 | Test 328.60
  Epoch  82 | Loss 304.15 (recon 277.46 + kl 26.69 * 1.00) | Val 334.49 | Test 328.75 *
  Epoch  90 | Loss 302.64 (recon 276.21 + kl 26.43 * 1.00) | Val 334.31 | Test 327.79
  Epoch  91 | Loss 302.51 (recon 276.05 + kl 26.47 * 1.00) | Val 333.85 | Test 328.11 *
  Epoch  92 | Loss 302.21 (recon 275.67 + kl 26.55 * 1.00) | Val 333.84 | Test 327.92 *
  Epoch  94 | Loss 302.04 (recon 275.40 + kl 26.64 * 1.00) | Val 334.04 | Test 327.78 *
  Epoch 100 | Loss 301.99 (recon 275.41 + kl 26.58 * 1.00) | Val 334.24 | Test 327.98
  Epoch 101 | Loss 301.19 (recon 274.58 + kl 26.61 * 1.00) | Val 333.45 | Test 327.23 *
  Epoch 104 | Loss 301.24 (recon 274.67 + kl 26.57 * 1.00) | Val 333.05 | Test 327.75 *
  Epoch 110 | Loss 301.21 (recon 274.63 + kl 26.58 * 1.00) | Val 333.35 | Test 327.65
  Epoch 111 | Loss 300.37 (recon 273.82 + kl 26.55 * 1.00) | Val 333.04 | Test 327.63 *
  Epoch 116 | Loss 300.62 (recon 273.96 + kl 26.66 * 1.00) | Val 333.04 | Test 327.40 *
  Epoch 120 | Loss 300.88 (recon 274.34 + kl 26.55 * 1.00) | Val 332.72 | Test 326.95 *
  Epoch 122 | Loss 300.21 (recon 273.49 + kl 26.72 * 1.00) | Val 332.96 | Test 327.35 *
  Epoch 126 | Loss 300.76 (recon 274.34 + kl 26.42 * 1.00) | Val 333.11 | Test 327.01 *
  Epoch 130 | Loss 300.15 (recon 273.67 + kl 26.48 * 1.00) | Val 332.99 | Test 327.01
  Epoch 140 | Loss 299.96 (recon 273.33 + kl 26.62 * 1.00) | Val 332.91 | Test 327.31 *
  Epoch 150 | Loss 300.20 (recon 273.61 + kl 26.59 * 1.00) | Val 332.97 | Test 326.81
  Epoch 153 | Loss 300.15 (recon 273.62 + kl 26.54 * 1.00) | Val 332.56 | Test 327.18 *
  Epoch 160 | Loss 300.12 (recon 273.60 + kl 26.52 * 1.00) | Val 333.29 | Test 327.17
  Early stopping at epoch 168 (patience=15)

  Results for T2 (1993-1995):
    TC (NPMI):   -0.2388
    TD:          0.9968
    IRBO:        0.9987
    TQ:          -0.2381
    PPL (next):  1098.84
    ρ_t:         0.3789
    Train time:  378.1s

============================================================
 Topics (T2 (1993-1995)): 50 topics
============================================================
  [ 0] spike, postsynaptic, membrane, neuron, firing, presynaptic, spikes, potentials, synaptic, sustained
  [ 1] correlations, psychophysical, phase, decay, reproduced, macaque, scenarios, regime, committee, replica
  [ 2] word, false, detections, detected, viterbi, frames, missed, failed, merging, performance
  [ 3] page, quadratic, smoother, beam, reproducing, profiles, jth, october, security, presentations
  [ 4] frame, sequence, length, letters, temporal, hamming, subtracting, writing, letter, series
  [ 5] outliers, capacity, stochastically, neighbour, losing, sensible, encoders, model, limit, gap
  [ 6] dog, object, stress, perceived, forest, viewing, rotation, kinematics, camera, surface
  [ 7] inversion, spectrogram, wavelet, analog, representation, fox, projection, auditory, perceptually, design
  [ 8] san, morgan, mateo, kaufmann, press, advances, eds, cambridge, ieee, editors
  [ 9] movements, muscles, movement, arm, head, sensorimotor, robot, forces, position, kinematic
  [10] gradient, weight, brownian, initializing, updated, derivative, descent, update, particles, momentum
  [11] tensor, unit, legendre, basis, products, product, approximation, hyper, bilinear, powers
  [12] trials, plot, replicates, runs, cumulative, shows, figure, test, degrade, average
  [13] horizons, sci, usa, section, following, washington, superscript, putational, benign, annealed
  [14] shaded, figure, circles, space, black, rectangle, contour, grey, filled, marked
  [15] hmms, visible, hmm, diffusion, neighbourhood, hidden, expansions, learnt, recognition, opinion
  [16] floating, weight, gate, injection, charge, hessian, regularizer, hot, hint, multiplying
  [17] gradient, estimator, term, variance, density, update, prior, expert, nth, batches
  [18] pac, learnable, bounds, examples, polynomial, achievable, hypothesis, kearns, concepts, gates
  [19] surround, cells, retina, circuit, voltage, capacitor, intensity, interneurons, silicon, velocity
  [20] unstable, stability, convergent, dynamical, dynamics, stable, asymptotically, system, lyapunov, symmetric
  [21] mean, minimize, assigns, binocular, conditional, vector, yij, yellow, seeks, output
  [22] facial, speech, detection, auditory, sounds, eeg, muscle, graphics, electrodes, detecting
  [23] olfactory, cortical, role, cortex, causal, interneurons, neurons, form, unsupervised, freeman
  [24] eligibility, pathways, synapse, transmit, plasticity, raises, multiplicative, weights, favor, mention
  [25] benign, unit, fragments, implicit, shape, tuned, hidden, fibers, characters, car
  [26] food, neuronal, asymptotics, halves, frontal, arcs, emerges, simultaneously, continue, occurrence
  [27] invariance, manifolds, distance, jain, set, tangent, images, invariant, prop, unlabelled
  [28] clicks, bic, aligns, app, peaks, traversal, useless, orientation, drastic, arrow
  [29] hardware, chips, chip, software, technology, digital, processors, vlsi, implementation, processor
  [30] let, convenience, notational, eigenvalue, nonempty, unique, uniqueness, cardinality, exists, lemma
  [31] run, eligibility, tests, runs, instruction, box, portion, car, metropolis, super
  [32] label, marker, node, ram, paths, sorting, obstacles, buffer, spend, allocate
  [33] grammars, corpus, vocabulary, parse, phrases, contexts, english, trees, sentences, native
  [34] skills, evolving, inductive, networks, encouraging, string, climbing, burden, reasons, weaknesses
  [35] units, layer, hidden, encoder, codebook, asymmetric, symmetries, auto, pixels, nets
  [36] environmental, attraction, strings, mode, unlimited, robot, chip, grammatical, controller, amplitude
  [37] similarity, map, feature, organizing, spaces, convolution, kohonen, words, vectors, saliency
  [38] subjective, universal, doi, intractability, radar, reasonably, paper, formalism, sequencing, brief
  [39] incremental, query, applicable, medicine, insertion, nonparametric, regression, casting, topological, metric
  [40] newton, pushing, gradient, lms, geoffrey, explorations, descent, steepest, hessian, bfgs
  [41] optimization, assignment, combinatorial, solved, constraints, problem, annealing, solve, variational, coarser
  [42] cart, exemplars, mlp, regression, allocated, pole, neighbor, explosion, restarts, controller
  [43] oscillators, synchronization, blocks, lost, tone, oscillator, lags, frequencies, durations, capture
  [44] policy, reinforcement, action, watkins, barto, iearning, sutton, agent, critic, discount
  [45] discriminative, alphabet, symbol, bayes, multinomial, states, hmm, internally, encompasses, automata
  [46] guarantee, predict, routing, play, queue, ranking, regret, forecasting, teaching, factors
  [47] thank, office, discussions, grant, supported, naval, research, foundation, fellowship, helpful
  [48] node, nodes, semantic, logic, acyclic, construction, architecture, fan, level, gates
  [49] mutual, missing, expansion, moments, signal, ambiguities, sensor, vital, filter, spectral


────────────────────────────────────────────────────────────
 Timestamp 4/11: 1996-1998 (8338 train docs)
────────────────────────────────────────────────────────────
  Epoch   1 | Loss 381.47 (recon 379.17 + kl 69.05 * 0.03) | Val 445.05 | Test 437.77 *
  Epoch   2 | Loss 353.39 (recon 348.21 + kl 77.75 * 0.07) | Val 437.68 | Test 430.72 *
  Epoch   3 | Loss 341.15 (recon 334.56 + kl 65.92 * 0.10) | Val 395.45 | Test 387.98 *
  Epoch   4 | Loss 333.49 (recon 325.58 + kl 59.36 * 0.13) | Val 381.95 | Test 374.45 *
  Epoch   5 | Loss 328.36 (recon 319.19 + kl 55.01 * 0.17) | Val 375.17 | Test 366.71 *
  Epoch   6 | Loss 324.58 (recon 314.13 + kl 52.23 * 0.20) | Val 366.36 | Test 359.52 *
  Epoch   7 | Loss 320.85 (recon 309.19 + kl 49.98 * 0.23) | Val 360.37 | Test 354.72 *
  Epoch   8 | Loss 318.43 (recon 305.60 + kl 48.13 * 0.27) | Val 354.66 | Test 348.69 *
  Epoch   9 | Loss 316.38 (recon 302.43 + kl 46.49 * 0.30) | Val 353.37 | Test 347.33 *
  Epoch  10 | Loss 315.41 (recon 300.38 + kl 45.10 * 0.33) | Val 350.25 | Test 344.16 *
  Epoch  12 | Loss 313.54 (recon 296.49 + kl 42.62 * 0.40) | Val 347.33 | Test 340.49 *
  Epoch  13 | Loss 312.78 (recon 294.70 + kl 41.73 * 0.43) | Val 345.07 | Test 338.71 *
  Epoch  15 | Loss 312.21 (recon 292.41 + kl 39.59 * 0.50) | Val 340.56 | Test 334.90 *
  Epoch  17 | Loss 311.77 (recon 290.53 + kl 37.47 * 0.57) | Val 339.67 | Test 332.95 *
  Epoch  19 | Loss 312.42 (recon 289.73 + kl 35.83 * 0.63) | Val 337.08 | Test 331.06 *
  Epoch  20 | Loss 312.65 (recon 289.39 + kl 34.90 * 0.67) | Val 336.91 | Test 330.47
  Epoch  22 | Loss 312.64 (recon 288.22 + kl 33.29 * 0.73) | Val 334.23 | Test 328.08 *
  Epoch  26 | Loss 314.88 (recon 288.49 + kl 30.45 * 0.87) | Val 332.94 | Test 326.22 *
  Epoch  30 | Loss 316.14 (recon 288.36 + kl 27.78 * 1.00) | Val 331.59 | Test 323.41
  Epoch  33 | Loss 314.31 (recon 287.03 + kl 27.29 * 1.00) | Val 329.63 | Test 323.15 *
  Epoch  36 | Loss 312.63 (recon 285.57 + kl 27.07 * 1.00) | Val 328.63 | Test 322.33 *
  Epoch  40 | Loss 311.60 (recon 284.76 + kl 26.84 * 1.00) | Val 327.82 | Test 321.67 *
  Epoch  44 | Loss 311.02 (recon 284.16 + kl 26.85 * 1.00) | Val 327.97 | Test 321.03 *
  Epoch  46 | Loss 310.03 (recon 283.00 + kl 27.03 * 1.00) | Val 327.81 | Test 320.23 *
  Epoch  47 | Loss 310.12 (recon 283.28 + kl 26.84 * 1.00) | Val 327.58 | Test 321.34 *
  Epoch  48 | Loss 310.18 (recon 283.09 + kl 27.09 * 1.00) | Val 327.52 | Test 320.63 *
  Epoch  50 | Loss 309.78 (recon 282.72 + kl 27.06 * 1.00) | Val 327.56 | Test 321.79
  Epoch  51 | Loss 309.43 (recon 282.59 + kl 26.83 * 1.00) | Val 328.14 | Test 320.86 *
  Epoch  53 | Loss 309.40 (recon 282.61 + kl 26.80 * 1.00) | Val 326.74 | Test 320.22 *
  Epoch  54 | Loss 308.72 (recon 281.85 + kl 26.87 * 1.00) | Val 327.25 | Test 320.09 *
  Epoch  55 | Loss 308.65 (recon 281.89 + kl 26.76 * 1.00) | Val 327.14 | Test 320.25 *
  Epoch  56 | Loss 308.73 (recon 281.81 + kl 26.92 * 1.00) | Val 326.95 | Test 320.09 *
  Epoch  58 | Loss 308.67 (recon 281.77 + kl 26.91 * 1.00) | Val 326.74 | Test 320.09 *
  Epoch  60 | Loss 308.28 (recon 281.54 + kl 26.74 * 1.00) | Val 327.01 | Test 319.85
  Epoch  63 | Loss 307.67 (recon 280.90 + kl 26.77 * 1.00) | Val 325.91 | Test 319.74 *
  Epoch  70 | Loss 306.00 (recon 279.37 + kl 26.63 * 1.00) | Val 325.77 | Test 318.74 *
  Epoch  71 | Loss 305.97 (recon 279.33 + kl 26.64 * 1.00) | Val 325.17 | Test 318.60 *
  Epoch  72 | Loss 305.75 (recon 279.00 + kl 26.74 * 1.00) | Val 325.30 | Test 318.50 *
  Epoch  73 | Loss 305.97 (recon 279.23 + kl 26.74 * 1.00) | Val 324.94 | Test 319.23 *
  Epoch  74 | Loss 305.70 (recon 279.01 + kl 26.69 * 1.00) | Val 325.22 | Test 318.21 *
  Epoch  75 | Loss 305.69 (recon 278.92 + kl 26.77 * 1.00) | Val 325.13 | Test 318.20 *
  Epoch  80 | Loss 305.03 (recon 278.40 + kl 26.63 * 1.00) | Val 325.67 | Test 318.09
  Epoch  81 | Loss 305.04 (recon 278.31 + kl 26.73 * 1.00) | Val 325.05 | Test 317.72 *
  Epoch  82 | Loss 305.25 (recon 278.61 + kl 26.64 * 1.00) | Val 325.00 | Test 317.91 *
  Epoch  83 | Loss 305.01 (recon 278.20 + kl 26.81 * 1.00) | Val 325.24 | Test 318.41 *
  Epoch  85 | Loss 304.77 (recon 278.21 + kl 26.57 * 1.00) | Val 324.45 | Test 318.23 *
  Epoch  90 | Loss 304.88 (recon 278.06 + kl 26.82 * 1.00) | Val 325.32 | Test 318.77
  Epoch  99 | Loss 303.63 (recon 276.98 + kl 26.65 * 1.00) | Val 323.76 | Test 317.66 *
  Epoch 100 | Loss 303.88 (recon 277.23 + kl 26.66 * 1.00) | Val 324.68 | Test 317.47
  Epoch 106 | Loss 303.09 (recon 276.24 + kl 26.84 * 1.00) | Val 324.18 | Test 317.85 *
  Epoch 110 | Loss 303.39 (recon 276.71 + kl 26.68 * 1.00) | Val 324.60 | Test 317.58
  Epoch 120 | Loss 303.56 (recon 276.93 + kl 26.64 * 1.00) | Val 324.50 | Test 316.88
  Early stopping at epoch 121 (patience=15)

  Results for T3 (1996-1998):
    TC (NPMI):   -0.1700
    TD:          0.9920
    IRBO:        0.9970
    TQ:          -0.1686
    PPL (next):  1061.44
    ρ_t:         0.3241
    Train time:  289.7s

============================================================
 Topics (T3 (1996-1998)): 50 topics
============================================================
  [ 0] spike, firing, postsynaptic, presynaptic, synaptic, trains, synapse, membrane, spiking, spikes
  [ 1] receptive, student, order, fields, teacher, correlation, detectors, quantitative, correlations, selectivity
  [ 2] shows, trained, error, figure, expert, better, discriminative, smoothed, dotted, gating
  [ 3] smoothing, memory, dotted, rmse, attractor, regularizers, fit, function, onset, rating
  [ 4] speech, series, video, frames, portfolio, voice, speakers, module, trading, financial
  [ 5] capacity, model, subspace, storage, bound, number, dimensionality, lower, compression, principal
  [ 6] recovered, heading, task, information, concentration, camera, source, coordinates, relative, ideal
  [ 7] musical, flexibility, section, sound, sounds, explicit, function, suited, fabricated, representation
  [ 8] mit, press, cambridge, ieee, eds, conference, advances, proceedings, vol, proc
  [ 9] arm, movement, motor, movements, muscles, direction, command, desired, controller, position
  [10] learning, weights, batch, gradient, descent, decay, eliminates, training, schemes, weight
  [11] functions, function, basis, gaussian, convolution, wavelet, radial, convolutions, polynomials, templates
  [12] figure, deviation, plotted, average, experiment, trials, simulations, plots, tailed, overfitting
  [13] section, equations, study, compare, associative, brief, discuss, formalism, curves, organizing
  [14] images, figure, left, right, handwritten, interpolation, black, fig, space, eigenvectors
  [15] cun, hidden, viewpoint, variance, connections, dependencies, belief, performance, speech, trees
  [16] device, weight, diagonal, errors, gate, error, weights, retrieval, bias, channel
  [17] kalman, gaussians, gaussian, covariances, density, covariance, noise, prediction, mixture, matrix
  [18] bounds, bound, theorem, bounded, hypotheses, proof, pac, haussler, dimension, holds
  [19] circuit, transistors, inhibition, cells, currents, spatial, voltages, voltage, transistor, cell
  [20] stability, dynamics, stable, hopfield, equilibrium, saddle, system, lyapunov, descent, mechanical
  [21] distribution, input, variance, vector, given, mean, prior, piece, gaussian, event
  [22] speech, auditory, visual, signal, acoustics, electrical, identification, recorded, utterance, brain
  [23] modular, cortex, cortical, organization, coherent, becker, networks, connections, distinct, lateral
  [24] rule, inverse, lateral, multiplication, attractor, weights, clean, inverting, learning, generative
  [25] figure, motion, direction, units, cells, motions, maxima, intersection, activity, initialized
  [26] receptive, cells, lgn, ocular, dominance, neurons, electrodes, dark, fields, monkey
  [27] classify, examples, views, classifier, set, classifiers, test, images, neighbor, nearest
  [28] penalization, rem, ridge, mateo, lasso, informally, covariates, obtains, goes, bursts
  [29] computers, chip, hardware, processors, vlsi, analog, chips, silicon, software, host
  [30] let, kronecker, following, denote, satisfies, define, theorem, respect, product, assume
  [31] run, runs, eeg, data, optimum, splitting, khz, figure, sorted, annealing
  [32] destination, unit, nearest, assigned, sequence, shortest, node, computes, vector, output
  [33] strings, words, language, word, phrases, sentences, speakers, phrase, english, vowel
  [34] languages, notes, grammars, pieces, agrees, allocations, motif, extra, coarser, minima
  [35] hidden, signs, real, layers, units, neurons, layer, ics, outputs, rows
  [36] chips, teacher, values, modules, initial, analog, modular, temperatures, memories, high
  [37] feature, preservation, semantic, representation, afferent, features, recognition, visual, retrieval, timing
  [38] inference, belief, asynchronous, comparisons, optic, approximations, triangle, synchronous, binding, remarks
  [39] regression, application, techniques, selection, locally, classification, curse, insights, lazy, context
  [40] gradient, descent, momentum, euclidean, arc, distance, emphasis, metric, family, tangent
  [41] relaxation, problem, optimization, likelihood, assignments, energy, graph, relational, minima, solution
  [42] mlp, space, rbf, trees, hinge, samples, cancer, growing, linear, allowing
  [43] oscillatory, delays, oscillators, touretzky, network, oscillator, content, scales, markets, black
  [44] policy, actions, state, reinforcement, action, agent, iearning, reward, planning, discounted
  [45] hmms, hmm, grammar, state, probabilities, beam, kohonen, likelihood, emission, baum
  [46] investment, positive, prediction, capital, magnitude, deleted, outgoing, weights, rejected, increase
  [47] thank, discussions, supported, grant, comments, thanks, helpful, office, contract, grateful
  [48] tree, activation, pyramid, children, depth, nodes, node, lower, connected, level
  [49] filter, signal, transform, preprocessing, spectrum, filters, decomposition, fourier, images, convolving


────────────────────────────────────────────────────────────
 Timestamp 5/11: 1999-2001 (9772 train docs)
────────────────────────────────────────────────────────────
  Epoch   1 | Loss 358.85 (recon 356.56 + kl 68.46 * 0.03) | Val 433.60 | Test 430.47 *
  Epoch   2 | Loss 330.53 (recon 325.47 + kl 75.92 * 0.07) | Val 421.90 | Test 418.99 *
  Epoch   3 | Loss 320.93 (recon 314.39 + kl 65.40 * 0.10) | Val 389.40 | Test 387.48 *
  Epoch   4 | Loss 313.53 (recon 305.66 + kl 59.03 * 0.13) | Val 372.31 | Test 370.65 *
  Epoch   5 | Loss 309.02 (recon 299.81 + kl 55.29 * 0.17) | Val 367.46 | Test 366.04 *
  Epoch   6 | Loss 304.69 (recon 294.22 + kl 52.34 * 0.20) | Val 357.01 | Test 355.67 *
  Epoch   7 | Loss 302.43 (recon 290.79 + kl 49.87 * 0.23) | Val 354.72 | Test 353.27 *
  Epoch   8 | Loss 300.99 (recon 288.17 + kl 48.08 * 0.27) | Val 351.89 | Test 350.75 *
  Epoch   9 | Loss 298.57 (recon 284.63 + kl 46.47 * 0.30) | Val 347.35 | Test 346.48 *
  Epoch  10 | Loss 296.60 (recon 281.64 + kl 44.89 * 0.33) | Val 347.52 | Test 346.62
  Epoch  11 | Loss 296.52 (recon 280.56 + kl 43.51 * 0.37) | Val 345.43 | Test 344.44 *
  Epoch  12 | Loss 295.17 (recon 278.14 + kl 42.56 * 0.40) | Val 342.29 | Test 341.12 *
  Epoch  13 | Loss 295.45 (recon 277.51 + kl 41.40 * 0.43) | Val 340.77 | Test 339.38 *
  Epoch  14 | Loss 295.31 (recon 276.48 + kl 40.35 * 0.47) | Val 337.77 | Test 336.51 *
  Epoch  16 | Loss 296.40 (recon 276.12 + kl 38.02 * 0.53) | Val 335.59 | Test 334.33 *
  Epoch  17 | Loss 295.36 (recon 274.42 + kl 36.95 * 0.57) | Val 334.20 | Test 332.68 *
  Epoch  18 | Loss 295.67 (recon 274.00 + kl 36.12 * 0.60) | Val 333.85 | Test 333.16 *
  Epoch  19 | Loss 296.56 (recon 274.32 + kl 35.12 * 0.63) | Val 332.80 | Test 332.11 *
  Epoch  20 | Loss 297.76 (recon 274.81 + kl 34.42 * 0.67) | Val 332.55 | Test 331.59
  Epoch  21 | Loss 297.19 (recon 273.80 + kl 33.41 * 0.70) | Val 331.63 | Test 330.82 *
  Epoch  22 | Loss 297.41 (recon 273.45 + kl 32.68 * 0.73) | Val 331.49 | Test 330.65 *
  Epoch  27 | Loss 300.20 (recon 274.25 + kl 28.84 * 0.90) | Val 327.47 | Test 326.97 *
  Epoch  28 | Loss 300.36 (recon 274.06 + kl 28.18 * 0.93) | Val 327.27 | Test 326.22 *
  Epoch  30 | Loss 300.81 (recon 273.87 + kl 26.94 * 1.00) | Val 327.30 | Test 326.05
  Epoch  35 | Loss 297.80 (recon 271.57 + kl 26.23 * 1.00) | Val 324.97 | Test 324.16 *
  Epoch  38 | Loss 297.57 (recon 271.59 + kl 25.98 * 1.00) | Val 324.67 | Test 323.59 *
  Epoch  40 | Loss 297.57 (recon 271.57 + kl 26.00 * 1.00) | Val 324.37 | Test 323.34
  Epoch  41 | Loss 296.78 (recon 270.70 + kl 26.08 * 1.00) | Val 324.06 | Test 323.22 *
  Epoch  45 | Loss 296.55 (recon 270.55 + kl 26.00 * 1.00) | Val 323.72 | Test 323.01 *
  Epoch  46 | Loss 296.24 (recon 270.35 + kl 25.89 * 1.00) | Val 324.16 | Test 323.22 *
  Epoch  47 | Loss 296.23 (recon 270.39 + kl 25.84 * 1.00) | Val 323.41 | Test 322.64 *
  Epoch  48 | Loss 295.63 (recon 269.87 + kl 25.76 * 1.00) | Val 323.95 | Test 323.05 *
  Epoch  49 | Loss 296.34 (recon 270.47 + kl 25.87 * 1.00) | Val 323.42 | Test 322.95 *
  Epoch  50 | Loss 295.03 (recon 269.14 + kl 25.89 * 1.00) | Val 323.67 | Test 322.44
  Epoch  57 | Loss 292.09 (recon 266.48 + kl 25.61 * 1.00) | Val 322.53 | Test 321.46 *
  Epoch  58 | Loss 293.70 (recon 268.19 + kl 25.51 * 1.00) | Val 322.43 | Test 321.82 *
  Epoch  59 | Loss 292.61 (recon 266.81 + kl 25.79 * 1.00) | Val 322.50 | Test 321.62 *
  Epoch  60 | Loss 293.46 (recon 267.69 + kl 25.77 * 1.00) | Val 322.37 | Test 321.42
  Epoch  64 | Loss 292.37 (recon 266.77 + kl 25.60 * 1.00) | Val 322.47 | Test 321.50 *
  Epoch  67 | Loss 291.88 (recon 266.15 + kl 25.73 * 1.00) | Val 322.03 | Test 321.32 *
  Epoch  69 | Loss 292.66 (recon 267.15 + kl 25.51 * 1.00) | Val 321.94 | Test 321.23 *
  Epoch  70 | Loss 292.56 (recon 266.86 + kl 25.70 * 1.00) | Val 321.86 | Test 321.43
  Epoch  71 | Loss 292.03 (recon 266.32 + kl 25.71 * 1.00) | Val 322.11 | Test 320.95 *
  Epoch  74 | Loss 293.59 (recon 267.73 + kl 25.85 * 1.00) | Val 321.90 | Test 321.15 *
  Epoch  80 | Loss 292.78 (recon 267.13 + kl 25.64 * 1.00) | Val 321.93 | Test 321.18 *
  Epoch  87 | Loss 291.17 (recon 265.57 + kl 25.60 * 1.00) | Val 321.40 | Test 320.31 *
  Epoch  90 | Loss 292.51 (recon 266.89 + kl 25.62 * 1.00) | Val 321.43 | Test 320.46
  Epoch  93 | Loss 291.02 (recon 265.28 + kl 25.74 * 1.00) | Val 321.42 | Test 320.32 *
  Epoch 100 | Loss 289.54 (recon 263.89 + kl 25.65 * 1.00) | Val 321.14 | Test 320.61
  Epoch 104 | Loss 291.09 (recon 265.45 + kl 25.64 * 1.00) | Val 320.98 | Test 320.24 *
  Epoch 110 | Loss 290.68 (recon 265.07 + kl 25.61 * 1.00) | Val 321.13 | Test 320.33
  Epoch 113 | Loss 289.96 (recon 264.29 + kl 25.68 * 1.00) | Val 320.96 | Test 320.24 *
  Epoch 120 | Loss 290.40 (recon 264.77 + kl 25.64 * 1.00) | Val 320.67 | Test 320.01
  Early stopping at epoch 128 (patience=15)

  Results for T4 (1999-2001):
    TC (NPMI):   -0.1347
    TD:          0.9903
    IRBO:        0.9969
    TQ:          -0.1334
    PPL (next):  1028.48
    ρ_t:         0.2853
    Train time:  373.1s

============================================================
 Topics (T4 (1999-2001)): 50 topics
============================================================
  [ 0] spike, membrane, synaptic, postsynaptic, trains, conductance, presynaptic, voltage, neuron, spiking
  [ 1] teacher, dominance, ocular, properties, decay, student, tuning, generalization, occam, eigenfunctions
  [ 2] trained, test, false, table, shows, detection, baseline, speech, better, figure
  [ 3] floating, gates, gate, data, zhao, mos, function, sophisticated, schematic, decreasing
  [ 4] sequence, speech, sequences, hmms, digits, frames, acoustic, transformations, frequency, recognition
  [ 5] complexity, bound, model, probability, capacity, mdl, store, finite, error, dimensionality
  [ 6] observers, subjects, asked, occlusion, views, rotation, point, participants, cartesian, room
  [ 7] offers, touretzky, convolution, form, transistors, deconvolution, differential, soft, space, designed
  [ 8] press, cambridge, editors, proceedings, mit, eds, advances, ieee, conference, springer
  [ 9] motor, robot, arm, sensory, cortex, velocity, eye, movement, field, system
  [10] weights, update, rule, gradient, momentum, rate, updated, iteration, units, iterations
  [11] functions, multiplication, basis, matrix, coefficients, sigmoidal, sigmoid, gaussian, wavelet, lgn
  [12] averaged, stopped, epochs, figure, nets, error, shows, curves, asymptotic, runs
  [13] section, january, organized, review, silicon, discusses, brief, generalisation, demonstrate, bifurcation
  [14] figure, dark, space, left, black, pixel, represent, corresponding, right, planner
  [15] network, graph, neuronal, dependencies, gaussian, structure, dependent, hidden, estimation, neighborhood
  [16] matrix, bias, methods, magnitude, fig, package, error, hurt, value, weights
  [17] variance, gaussian, distribution, variances, kalman, posterior, teacher, covariance, backward, likelihood
  [18] hypothesis, theorem, pac, margin, bounds, lemma, adaboost, bound, hypotheses, boosting
  [19] excitatory, inhibitory, inhibition, voltage, chip, oscillator, retina, receptive, neuron, cell
  [20] dynamics, stability, network, stable, attractors, neurons, unstable, macroscopic, equations, solution
  [21] distribution, jth, output, instantiation, vector, denotes, poisson, mean, information, assume
  [22] visual, speech, acoustic, recognition, auditory, sounds, eeg, identification, recordings, recognize
  [23] representations, suggested, specific, hierarchy, surround, pathway, models, tion, neurons, mcclelland
  [24] signal, mlp, dayan, blocking, sutton, barto, bci, matrix, timestep, sec
  [25] units, visible, states, boltzmann, place, state, distribution, rbm, unit, robot
  [26] cells, neurons, lgn, firing, case, information, correlated, cell, receptive, groups
  [27] ocr, examples, drug, handwritten, denker, images, cun, batch, cortes, molecule
  [28] expressivity, major, bad, processors, monotone, davis, assignments, perplexity, values, hindsight
  [29] vlsi, chips, software, circuits, interface, chip, digital, computers, analog, biological
  [30] let, theorem, define, exists, lemma, eigenvalue, definition, following, expansion, constant
  [31] runs, data, vertical, sampling, left, preprocessing, plot, eeg, wavelet, plots
  [32] path, leaf, prediction, symbol, reset, node, sequence, old, incoming, produce
  [33] corpus, sentences, language, words, english, word, sentence, phrase, parsing, noun
  [34] blue, information, learner, snn, encoders, ensembles, learners, languages, decoder, generalization
  [35] layer, problem, layers, unit, topographic, hidden, network, nat, artificial, converged
  [36] voltages, transfer, controller, initially, pendulum, noise, voltage, supply, modules, overlaps
  [37] object, memory, objects, similarity, views, string, occurrences, memories, associative, feature
  [38] networks, belief, diagnosis, bounds, propagation, true, posterior, digital, approximate, binary
  [39] classification, applications, method, techniques, forecasting, domains, real, ica, regression, parametric
  [40] problems, margin, hyperplane, particular, bound, gradient, descent, newton, regularized, exponentiated
  [41] annealing, solution, optimization, cluster, constraints, approximation, finding, find, problem, energy
  [42] space, nonlinear, svms, mlp, rbf, svm, linear, kernel, quadratic, smola
  [43] mateo, cowan, kaufmann, morgan, giles, vowel, san, unit, hanson, delay
  [44] policy, action, state, actions, reward, reinforcement, policies, planning, discounted, agent
  [45] hmm, parameters, emission, transition, likelihood, matrix, states, viterbi, model, sequences
  [46] portfolio, market, weights, incentive, change, votes, changed, service, datapoints, customers
  [47] thank, grant, supported, work, discussions, helpful, comments, thanks, nsf, national
  [48] network, architecture, parents, nodes, child, level, layer, feature, acyclic, layers
  [49] ica, axes, oriented, linear, nonlinear, signals, image, radar, data, solution


────────────────────────────────────────────────────────────
 Timestamp 6/11: 2002-2004 (14036 train docs)
────────────────────────────────────────────────────────────
  Epoch   1 | Loss 357.35 (recon 354.84 + kl 75.24 * 0.03) | Val 429.75 | Test 424.84 *
  Epoch   2 | Loss 329.29 (recon 324.20 + kl 76.39 * 0.07) | Val 386.20 | Test 381.90 *
  Epoch   3 | Loss 317.85 (recon 311.00 + kl 68.48 * 0.10) | Val 367.67 | Test 363.93 *
  Epoch   4 | Loss 310.89 (recon 302.53 + kl 62.75 * 0.13) | Val 359.54 | Test 355.38 *
  Epoch   5 | Loss 306.24 (recon 296.52 + kl 58.30 * 0.17) | Val 351.99 | Test 348.22 *
  Epoch   6 | Loss 303.01 (recon 291.92 + kl 55.43 * 0.20) | Val 346.12 | Test 341.77 *
  Epoch   7 | Loss 300.67 (recon 288.31 + kl 52.96 * 0.23) | Val 342.03 | Test 337.76 *
  Epoch   8 | Loss 299.21 (recon 285.46 + kl 51.54 * 0.27) | Val 338.04 | Test 333.94 *
  Epoch   9 | Loss 298.36 (recon 283.52 + kl 49.47 * 0.30) | Val 337.75 | Test 333.62 *
  Epoch  10 | Loss 297.80 (recon 281.93 + kl 47.61 * 0.33) | Val 336.93 | Test 332.72 *
  Epoch  11 | Loss 297.75 (recon 280.79 + kl 46.26 * 0.37) | Val 330.98 | Test 327.02 *
  Epoch  12 | Loss 297.80 (recon 279.83 + kl 44.93 * 0.40) | Val 329.28 | Test 325.27 *
  Epoch  13 | Loss 297.75 (recon 278.90 + kl 43.50 * 0.43) | Val 326.94 | Test 323.00 *
  Epoch  14 | Loss 298.27 (recon 278.65 + kl 42.05 * 0.47) | Val 326.86 | Test 322.84 *
  Epoch  15 | Loss 298.60 (recon 278.12 + kl 40.96 * 0.50) | Val 325.15 | Test 321.05 *
  Epoch  16 | Loss 299.00 (recon 277.80 + kl 39.75 * 0.53) | Val 325.25 | Test 321.15 *
  Epoch  17 | Loss 299.56 (recon 277.69 + kl 38.60 * 0.57) | Val 323.56 | Test 319.44 *
  Epoch  18 | Loss 300.13 (recon 277.66 + kl 37.45 * 0.60) | Val 323.82 | Test 319.61 *
  Epoch  19 | Loss 300.70 (recon 277.56 + kl 36.52 * 0.63) | Val 322.13 | Test 318.26 *
  Epoch  20 | Loss 301.33 (recon 277.66 + kl 35.50 * 0.67) | Val 321.37 | Test 317.24
  Epoch  21 | Loss 301.66 (recon 277.60 + kl 34.37 * 0.70) | Val 320.63 | Test 316.14 *
  Epoch  24 | Loss 303.68 (recon 278.21 + kl 31.85 * 0.80) | Val 319.03 | Test 315.00 *
  Epoch  28 | Loss 306.03 (recon 279.38 + kl 28.55 * 0.93) | Val 317.79 | Test 313.50 *
  Epoch  30 | Loss 307.28 (recon 280.18 + kl 27.10 * 1.00) | Val 316.83 | Test 312.62
  Epoch  36 | Loss 304.24 (recon 278.18 + kl 26.06 * 1.00) | Val 315.01 | Test 310.65 *
  Epoch  37 | Loss 303.95 (recon 277.91 + kl 26.05 * 1.00) | Val 314.73 | Test 310.27 *
  Epoch  40 | Loss 303.53 (recon 277.54 + kl 25.99 * 1.00) | Val 314.65 | Test 310.22
  Epoch  44 | Loss 302.12 (recon 276.36 + kl 25.76 * 1.00) | Val 313.46 | Test 309.28 *
  Epoch  45 | Loss 302.11 (recon 276.32 + kl 25.79 * 1.00) | Val 313.43 | Test 309.55 *
  Epoch  48 | Loss 301.57 (recon 275.84 + kl 25.73 * 1.00) | Val 313.24 | Test 309.01 *
  Epoch  50 | Loss 301.70 (recon 275.75 + kl 25.94 * 1.00) | Val 313.28 | Test 309.25
  Epoch  54 | Loss 301.15 (recon 275.39 + kl 25.76 * 1.00) | Val 313.52 | Test 308.94 *
  Epoch  55 | Loss 301.05 (recon 275.28 + kl 25.77 * 1.00) | Val 313.05 | Test 308.65 *
  Epoch  58 | Loss 301.01 (recon 275.28 + kl 25.73 * 1.00) | Val 312.97 | Test 308.92 *
  Epoch  59 | Loss 300.74 (recon 275.02 + kl 25.72 * 1.00) | Val 313.07 | Test 309.02 *
  Epoch  60 | Loss 300.86 (recon 275.01 + kl 25.85 * 1.00) | Val 313.17 | Test 308.90
  Epoch  61 | Loss 300.60 (recon 274.95 + kl 25.65 * 1.00) | Val 313.33 | Test 308.84 *
  Epoch  68 | Loss 300.20 (recon 274.52 + kl 25.68 * 1.00) | Val 312.84 | Test 308.65 *
  Epoch  69 | Loss 299.94 (recon 274.24 + kl 25.71 * 1.00) | Val 312.63 | Test 308.20 *
  Epoch  70 | Loss 299.83 (recon 274.18 + kl 25.65 * 1.00) | Val 312.32 | Test 308.36
  Epoch  72 | Loss 299.80 (recon 274.23 + kl 25.56 * 1.00) | Val 312.56 | Test 308.29 *
  Epoch  74 | Loss 299.72 (recon 274.02 + kl 25.70 * 1.00) | Val 312.22 | Test 308.24 *
  Epoch  75 | Loss 299.79 (recon 274.09 + kl 25.70 * 1.00) | Val 312.52 | Test 308.60 *
  Epoch  76 | Loss 299.67 (recon 274.09 + kl 25.59 * 1.00) | Val 312.56 | Test 308.58 *
  Epoch  80 | Loss 299.47 (recon 273.73 + kl 25.74 * 1.00) | Val 312.74 | Test 308.25 *
  Epoch  85 | Loss 299.24 (recon 273.65 + kl 25.59 * 1.00) | Val 312.41 | Test 308.49 *
  Epoch  90 | Loss 299.11 (recon 273.57 + kl 25.54 * 1.00) | Val 312.50 | Test 308.15
  Epoch  92 | Loss 299.00 (recon 273.32 + kl 25.68 * 1.00) | Val 312.40 | Test 308.07 *
  Epoch  95 | Loss 299.09 (recon 273.36 + kl 25.73 * 1.00) | Val 312.34 | Test 307.96 *
  Epoch 100 | Loss 298.94 (recon 273.25 + kl 25.69 * 1.00) | Val 312.32 | Test 307.89
  Epoch 110 | Loss 298.66 (recon 273.08 + kl 25.58 * 1.00) | Val 312.14 | Test 308.01
  Early stopping at epoch 110 (patience=15)

  Results for T5 (2002-2004):
    TC (NPMI):   -0.1277
    TD:          0.9924
    IRBO:        0.9966
    TQ:          -0.1267
    PPL (next):  1048.02
    ρ_t:         0.2561
    Train time:  435.8s

============================================================
 Topics (T5 (2002-2004)): 50 topics
============================================================
  [ 0] synaptic, neuron, spike, membrane, postsynaptic, neurons, presynaptic, firing, spikes, synapses
  [ 1] scale, prior, activities, receptive, spatial, structures, observers, psychophysical, weights, spatially
  [ 2] trained, table, better, logistic, class, results, shows, classifier, recognizer, digit
  [ 3] needed, intermediate, lower, compression, requests, transmitted, functional, time, represents, upper
  [ 4] sequences, sequence, trains, dynamics, dynamic, frequency, order, segment, speech, spectrogram
  [ 5] lower, high, retrieval, model, dimensional, dimension, annealing, ppca, bound, replica
  [ 6] camera, straight, eye, shape, observers, sfm, motion, humans, lds, card
  [ 7] distortion, annealing, sounds, nerve, mapping, reparameterization, space, framework, naturally, mappings
  [ 8] press, cambridge, proc, ieee, mit, advances, proceedings, editors, conference, neural
  [ 9] motor, control, robot, movement, movements, visual, trajectory, task, neural, session
  [10] gradient, update, updates, updated, descent, weights, rate, batch, convergence, learning
  [11] board, linear, complexity, tensor, matrix, boolean, factorized, functions, arithmetic, basis
  [12] figure, average, solid, performance, dashed, dotted, presentations, epochs, varied, trials
  [13] section, paper, organized, describe, describes, follows, concludes, experimental, derive, generalized
  [14] figure, points, left, shaded, shown, dots, arrows, images, right, correspond
  [15] dimensionality, noise, conventional, pomdps, perturbation, independence, topology, hmms, conditional, observations
  [16] error, bias, channel, weights, capacity, reductions, results, bands, voxel, corrections
  [17] covariance, gaussian, newton, parameters, samples, posterior, update, sample, mean, opinion
  [18] theorem, pac, let, bound, bounds, loss, error, margin, examples, risk
  [19] chip, cells, chips, disparity, selectivity, location, binocular, voltages, capacitor, retinal
  [20] saddle, unstable, attractor, eigenvalue, critical, instability, point, solid, stable, stability
  [21] assumed, given, let, vector, distribution, denote, kaufmann, variable, ith, mean
  [22] speech, recognition, auditory, detection, speakers, signals, fmri, human, automatic, eeg
  [23] unsupervised, modules, critic, play, modelling, olfactory, units, cells, class, cortical
  [24] filter, hidden, signals, signal, noises, contamination, eeg, motor, block, method
  [25] states, trajectory, state, hidden, samplers, goal, space, dimensional, trajectories, initial
  [26] cells, ganglion, cell, eye, stimulus, clustering, recorded, information, retina, stimuli
  [27] examples, test, objects, images, overfitting, nearest, validation, set, outliers, instances
  [28] neal, dendritic, information, parallelize, instrumental, connections, decoupled, delayed, solla, identified
  [29] chip, vlsi, hardware, circuitry, silicon, digital, analog, real, electronic, robots
  [30] let, lemma, proof, implies, write, theorem, inequality, matrix, satisfy, following
  [31] khz, number, trials, minutes, signal, fft, seconds, points, mmse, split
  [32] weight, weights, closest, sci, matching, child, node, multilabel, leaf, rule
  [33] words, word, language, syntactic, corpus, noun, vocabulary, sentence, tokens, english
  [34] characters, success, grammars, successful, evolution, strings, universe, search, string, difficult
  [35] backpropagation, dictionaries, mlp, bars, dictionary, testing, approximators, error, real, hidden
  [36] module, vlsi, voltage, chaotic, input, bias, multiplier, linguistic, learning, memory
  [37] space, memory, objects, similarity, mds, euclidean, representation, object, texture, eigenvectors
  [38] propagation, carlo, monte, approximate, belief, inference, bounds, probabilities, approximating, message
  [39] application, supervised, techniques, gorithms, friedman, paper, learning, usefulness, method, differentiability
  [40] descent, term, direction, regularized, convex, case, gradient, margin, function, bounds
  [41] problem, constraints, inference, clique, optimization, find, cut, finding, approximate, algorithm
  [42] space, selection, complexity, feature, faster, kernel, svm, boston, conic, naively
  [43] chosen, initial, scale, developmental, adequate, values, patterns, synchronized, msec, letter
  [44] policy, action, actions, agent, state, reward, policies, mdp, discount, game
  [45] probabilities, sequence, state, sequences, states, matrix, symbols, transition, symbol, automaton
  [46] portfolio, investment, overall, good, ensemble, witness, pagerank, weighted, market, validating
  [47] thank, supported, grant, discussions, fellowship, nsf, award, grants, funded, grateful
  [48] node, parents, instantiation, directed, evidence, edges, nodes, separator, log, children
  [49] linear, image, impulse, imputation, response, analysis, ica, estimated, signal, sin


────────────────────────────────────────────────────────────
 Timestamp 7/11: 2005-2007 (13048 train docs)
────────────────────────────────────────────────────────────
  Epoch   1 | Loss 709.32 (recon 488.65 + kl 6620.19 * 0.03) | Val 579.76 | Test 573.49 *
  Epoch   2 | Loss 452.30 (recon 446.86 + kl 81.71 * 0.07) | Val 521.89 | Test 516.68 *
  Epoch   3 | Loss 437.42 (recon 430.07 + kl 73.46 * 0.10) | Val 503.48 | Test 498.32 *
  Epoch   4 | Loss 428.34 (recon 419.44 + kl 66.81 * 0.13) | Val 493.08 | Test 488.54 *
  Epoch   5 | Loss 422.11 (recon 411.64 + kl 62.82 * 0.17) | Val 481.27 | Test 476.28 *
  Epoch   6 | Loss 417.57 (recon 405.68 + kl 59.41 * 0.20) | Val 475.38 | Test 470.05 *
  Epoch   7 | Loss 414.65 (recon 401.41 + kl 56.75 * 0.23) | Val 471.19 | Test 465.84 *
  Epoch   8 | Loss 412.53 (recon 397.94 + kl 54.68 * 0.27) | Val 465.34 | Test 459.51 *
  Epoch   9 | Loss 410.87 (recon 394.98 + kl 52.96 * 0.30) | Val 463.09 | Test 457.57 *
  Epoch  10 | Loss 409.99 (recon 392.91 + kl 51.23 * 0.33) | Val 458.92 | Test 453.67 *
  Epoch  12 | Loss 408.72 (recon 389.57 + kl 47.85 * 0.40) | Val 455.57 | Test 450.45 *
  Epoch  13 | Loss 408.58 (recon 388.42 + kl 46.52 * 0.43) | Val 452.65 | Test 447.86 *
  Epoch  15 | Loss 408.94 (recon 386.82 + kl 44.25 * 0.50) | Val 449.23 | Test 443.84 *
  Epoch  17 | Loss 409.48 (recon 385.79 + kl 41.80 * 0.57) | Val 447.12 | Test 442.11 *
  Epoch  18 | Loss 409.83 (recon 385.50 + kl 40.54 * 0.60) | Val 445.62 | Test 440.46 *
  Epoch  20 | Loss 410.51 (recon 384.91 + kl 38.39 * 0.67) | Val 445.08 | Test 439.60
  Epoch  22 | Loss 411.64 (recon 384.84 + kl 36.55 * 0.73) | Val 442.47 | Test 437.22 *
  Epoch  23 | Loss 412.28 (recon 384.98 + kl 35.62 * 0.77) | Val 441.85 | Test 436.73 *
  Epoch  30 | Loss 415.03 (recon 384.86 + kl 30.17 * 1.00) | Val 437.66 | Test 432.08 *
  Epoch  31 | Loss 414.28 (recon 384.61 + kl 29.66 * 1.00) | Val 437.96 | Test 432.44 *
  Epoch  32 | Loss 413.95 (recon 384.11 + kl 29.84 * 1.00) | Val 436.96 | Test 431.74 *
  Epoch  36 | Loss 412.73 (recon 383.37 + kl 29.36 * 1.00) | Val 436.73 | Test 431.34 *
  Epoch  37 | Loss 412.75 (recon 383.29 + kl 29.46 * 1.00) | Val 436.72 | Test 431.36 *
  Epoch  40 | Loss 411.91 (recon 382.77 + kl 29.14 * 1.00) | Val 436.43 | Test 431.16
  Epoch  44 | Loss 410.63 (recon 381.62 + kl 29.02 * 1.00) | Val 435.27 | Test 429.72 *
  Epoch  45 | Loss 410.32 (recon 381.35 + kl 28.97 * 1.00) | Val 435.07 | Test 430.38 *
  Epoch  46 | Loss 409.97 (recon 380.96 + kl 29.01 * 1.00) | Val 434.68 | Test 429.88 *
  Epoch  47 | Loss 409.88 (recon 380.96 + kl 28.92 * 1.00) | Val 434.93 | Test 429.65 *
  Epoch  50 | Loss 409.43 (recon 380.63 + kl 28.81 * 1.00) | Val 435.00 | Test 429.74
  Epoch  51 | Loss 409.29 (recon 380.47 + kl 28.82 * 1.00) | Val 434.80 | Test 429.82 *
  Epoch  58 | Loss 408.30 (recon 379.53 + kl 28.77 * 1.00) | Val 434.59 | Test 429.27 *
  Epoch  59 | Loss 408.14 (recon 379.42 + kl 28.72 * 1.00) | Val 434.22 | Test 428.83 *
  Epoch  60 | Loss 408.15 (recon 379.49 + kl 28.67 * 1.00) | Val 433.85 | Test 429.06 *
  Epoch  70 | Loss 407.35 (recon 378.62 + kl 28.73 * 1.00) | Val 433.69 | Test 428.63 *
  Epoch  77 | Loss 407.08 (recon 378.64 + kl 28.44 * 1.00) | Val 433.28 | Test 428.33 *
  Epoch  80 | Loss 407.03 (recon 378.35 + kl 28.68 * 1.00) | Val 433.75 | Test 428.52
  Epoch  85 | Loss 406.92 (recon 378.18 + kl 28.74 * 1.00) | Val 433.62 | Test 428.46 *
  Epoch  86 | Loss 406.87 (recon 378.31 + kl 28.56 * 1.00) | Val 433.58 | Test 428.37 *
  Epoch  88 | Loss 407.02 (recon 378.42 + kl 28.60 * 1.00) | Val 433.66 | Test 428.55 *
  Epoch  90 | Loss 406.92 (recon 378.29 + kl 28.62 * 1.00) | Val 433.72 | Test 428.70
  Epoch  98 | Loss 406.69 (recon 378.06 + kl 28.62 * 1.00) | Val 433.69 | Test 428.35 *
  Epoch 100 | Loss 406.76 (recon 378.21 + kl 28.55 * 1.00) | Val 433.58 | Test 428.41
  Epoch 106 | Loss 406.69 (recon 378.01 + kl 28.68 * 1.00) | Val 433.41 | Test 428.31 *
  Epoch 110 | Loss 406.72 (recon 378.12 + kl 28.60 * 1.00) | Val 433.67 | Test 428.32
  Epoch 118 | Loss 406.68 (recon 378.02 + kl 28.66 * 1.00) | Val 433.59 | Test 428.32 *
  Epoch 120 | Loss 406.70 (recon 378.11 + kl 28.59 * 1.00) | Val 433.27 | Test 428.26
  Epoch 130 | Loss 406.80 (recon 378.17 + kl 28.62 * 1.00) | Val 433.53 | Test 428.43
  Early stopping at epoch 133 (patience=15)

  Results for T6 (2005-2007):
    TC (NPMI):   -0.1097
    TD:          0.9874
    IRBO:        0.9947
    TQ:          -0.1083
    PPL (next):  920.53
    ρ_t:         0.2333
    Train time:  496.8s

============================================================
 Topics (T6 (2005-2007)): 50 topics
============================================================
  [ 0] spike, synaptic, neuron, membrane, spikes, postsynaptic, dendritic, time, presynaptic, currents
  [ 1] connections, prior, weights, limit, natural, energy, small, suggests, good, horizontal
  [ 2] trained, performance, left, right, training, test, compares, false, results, posterior
  [ 3] channel, functions, polynomials, series, discovery, function, order, gate, voltages, internet
  [ 4] frame, trained, step, time, classification, linear, recognition, frequency, series, frames
  [ 5] high, dimension, dimensional, search, model, dimensionality, number, dimensions, capacity, approximation
  [ 6] perception, direction, humans, motion, perceived, cause, plant, psychophysical, model, position
  [ 7] method, space, nonlinear, rules, demonstrate, basis, representer, framework, representation, combines
  [ 8] press, ieee, proceedings, conference, cambridge, mit, international, advances, proc, editors
  [ 9] cortex, robot, movement, monkey, cortical, feedback, motor, position, velocity, movements
  [10] update, gradient, descent, convergence, updated, updates, step, stochastic, decay, rule
  [11] gaussian, fourier, wavelet, linear, functions, models, transform, matrix, transforms, number
  [12] performance, figure, dashed, solid, plots, shows, versus, averaged, dotted, trials
  [13] section, organized, paper, follows, prediction, parameter, present, identification, describe, presents
  [14] figure, shows, corresponding, fig, circles, shown, images, left, robot, learned
  [15] poor, estimation, sufficiently, state, observation, error, structure, pomdps, belief, initial
  [16] bias, values, generalization, sparse, module, reconstruction, missing, included, reduction, voltages
  [17] posterior, likelihood, update, expectation, distribution, test, training, gradient, step, covariate
  [18] theorem, examples, lemma, hypotheses, bounds, bound, hypothesis, proof, let, learner
  [19] chip, excitatory, inhibitory, inhibition, transistor, cells, retina, input, frequency, neurons
  [20] method, system, inhibition, convergence, point, excitation, unstable, converges, case, starting
  [21] denote, let, vector, likelihood, assume, valued, distribution, output, given, consider
  [22] speech, acoustic, eeg, brain, signals, regions, spatial, detect, speaker, speakers
  [23] cortex, powerful, play, stimuli, discover, coding, cortical, receptive, hinton, coupled
  [24] eeg, meg, zero, transpose, adaptive, factor, temporal, matrix, man, locked
  [25] units, space, state, unit, states, visible, sampling, contour, motion, input
  [26] information, spike, correlation, groups, receptive, nat, clustering, cca, trains, neurons
  [27] images, shape, test, training, object, appearance, positive, objects, examples, sensitive
  [28] fake, important, psnr, prop, gao, terms, cholesky, fool, rhs, term
  [29] real, chip, cmos, large, world, networks, hardware, network, vlsi, mobile
  [30] let, lemma, theorem, proof, following, operator, holds, satisfy, plugging, lebesgue
  [31] number, split, resampled, times, chosen, solid, magnitude, resampling, figure, left
  [32] node, bits, sequence, prediction, incoming, length, calculate, outgoing, rule, represents
  [33] words, language, word, speech, english, corpora, sentence, sentences, languages, tags
  [34] good, minimize, strategies, image, units, transfer, alice, information, symbols, criterion
  [35] networks, network, neurons, hidden, int, experiments, handwritten, input, stimulus, units
  [36] controller, weights, control, high, synapses, recognition, desired, limit, motor, noise
  [37] space, image, euclidean, partitioning, metric, object, distance, similarity, representation, dimensional
  [38] bounds, approximation, loopy, series, mmd, error, provide, bethe, eds, networks
  [39] learning, paper, local, supervised, tasks, clustering, density, network, parametric, existing
  [40] convex, large, loss, maximum, margin, minima, optimization, subgradient, replaced, definite
  [41] constraints, problem, solution, field, relaxation, optimization, potentials, solved, inference, propagation
  [42] kernel, space, tree, regression, computational, feature, method, overfitting, svm, points
  [43] infinite, processing, finite, rejection, define, plausible, eye, process, attractors, determined
  [44] policy, action, state, actions, reinforcement, reward, mdp, planning, policies, agent
  [45] clustering, matrix, hmm, sequences, probabilities, transition, length, complexity, matrices, dynamics
  [46] values, players, music, skill, improve, good, stable, close, quality, player
  [47] thank, supported, discussions, foundation, helpful, grant, grateful, grants, work, nsf
  [48] node, nodes, edges, activation, leaf, tree, activated, children, variable, parents
  [49] coefficients, filter, linear, analysis, information, orthogonal, filters, pattern, csp, coefficient


────────────────────────────────────────────────────────────
 Timestamp 8/11: 2008-2010 (18908 train docs)
────────────────────────────────────────────────────────────
  Epoch   1 | Loss 449.98 (recon 447.30 + kl 80.35 * 0.03) | Val 536.00 | Test 538.09 *
  Epoch   2 | Loss 412.47 (recon 406.84 + kl 84.54 * 0.07) | Val 485.12 | Test 487.65 *
  Epoch   3 | Loss 398.26 (recon 390.70 + kl 75.60 * 0.10) | Val 456.48 | Test 459.05 *
  Epoch   4 | Loss 389.87 (recon 380.65 + kl 69.15 * 0.13) | Val 448.36 | Test 451.13 *
  Epoch   5 | Loss 384.51 (recon 373.73 + kl 64.65 * 0.17) | Val 439.48 | Test 442.15 *
  Epoch   6 | Loss 381.19 (recon 368.92 + kl 61.36 * 0.20) | Val 431.34 | Test 433.89 *
  Epoch   7 | Loss 379.25 (recon 365.57 + kl 58.62 * 0.23) | Val 424.27 | Test 427.02 *
  Epoch   8 | Loss 377.92 (recon 362.80 + kl 56.69 * 0.27) | Val 420.48 | Test 422.95 *
  Epoch  10 | Loss 376.95 (recon 359.42 + kl 52.59 * 0.33) | Val 418.01 | Test 421.23 *
  Epoch  11 | Loss 376.93 (recon 358.39 + kl 50.56 * 0.37) | Val 414.81 | Test 417.99 *
  Epoch  12 | Loss 377.04 (recon 357.45 + kl 48.98 * 0.40) | Val 413.01 | Test 415.94 *
  Epoch  13 | Loss 377.47 (recon 356.84 + kl 47.61 * 0.43) | Val 411.88 | Test 414.82 *
  Epoch  14 | Loss 377.88 (recon 356.48 + kl 45.86 * 0.47) | Val 410.69 | Test 413.51 *
  Epoch  15 | Loss 378.25 (recon 356.10 + kl 44.31 * 0.50) | Val 407.64 | Test 410.76 *
  Epoch  16 | Loss 378.79 (recon 355.87 + kl 42.96 * 0.53) | Val 407.86 | Test 410.98 *
  Epoch  18 | Loss 380.09 (recon 355.73 + kl 40.59 * 0.60) | Val 405.53 | Test 408.39 *
  Epoch  19 | Loss 380.69 (recon 355.78 + kl 39.33 * 0.63) | Val 404.21 | Test 407.26 *
  Epoch  20 | Loss 381.27 (recon 355.72 + kl 38.33 * 0.67) | Val 402.65 | Test 405.46
  Epoch  22 | Loss 382.77 (recon 356.28 + kl 36.11 * 0.73) | Val 401.58 | Test 404.39 *
  Epoch  27 | Loss 385.88 (recon 357.71 + kl 31.30 * 0.90) | Val 398.86 | Test 401.89 *
  Epoch  30 | Loss 388.03 (recon 359.09 + kl 28.95 * 1.00) | Val 398.10 | Test 400.82
  Epoch  34 | Loss 385.78 (recon 357.66 + kl 28.12 * 1.00) | Val 395.98 | Test 399.04 *
  Epoch  36 | Loss 384.84 (recon 356.88 + kl 27.96 * 1.00) | Val 395.64 | Test 398.80 *
  Epoch  38 | Loss 384.56 (recon 356.64 + kl 27.92 * 1.00) | Val 395.63 | Test 398.35 *
  Epoch  40 | Loss 384.14 (recon 356.28 + kl 27.87 * 1.00) | Val 395.55 | Test 398.69 *
  Epoch  43 | Loss 383.63 (recon 355.87 + kl 27.75 * 1.00) | Val 395.38 | Test 398.48 *
  Epoch  44 | Loss 383.67 (recon 356.00 + kl 27.67 * 1.00) | Val 394.98 | Test 398.16 *
  Epoch  46 | Loss 383.49 (recon 355.79 + kl 27.70 * 1.00) | Val 395.87 | Test 398.10 *
  Epoch  50 | Loss 382.98 (recon 355.33 + kl 27.66 * 1.00) | Val 395.16 | Test 397.69
  Epoch  53 | Loss 382.17 (recon 354.57 + kl 27.60 * 1.00) | Val 394.53 | Test 397.48 *
  Epoch  55 | Loss 381.66 (recon 354.16 + kl 27.50 * 1.00) | Val 394.60 | Test 397.14 *
  Epoch  60 | Loss 381.47 (recon 354.06 + kl 27.41 * 1.00) | Val 394.21 | Test 397.13 *
  Epoch  66 | Loss 380.95 (recon 353.50 + kl 27.45 * 1.00) | Val 394.00 | Test 396.94 *
  Epoch  70 | Loss 380.92 (recon 353.41 + kl 27.51 * 1.00) | Val 393.87 | Test 396.73
  Epoch  74 | Loss 380.26 (recon 352.83 + kl 27.43 * 1.00) | Val 393.89 | Test 396.37 *
  Epoch  75 | Loss 380.27 (recon 352.87 + kl 27.39 * 1.00) | Val 393.72 | Test 396.74 *
  Epoch  76 | Loss 380.21 (recon 352.77 + kl 27.45 * 1.00) | Val 393.52 | Test 396.66 *
  Epoch  77 | Loss 380.07 (recon 352.65 + kl 27.42 * 1.00) | Val 393.63 | Test 396.46 *
  Epoch  78 | Loss 380.14 (recon 352.76 + kl 27.37 * 1.00) | Val 393.52 | Test 396.41 *
  Epoch  79 | Loss 380.08 (recon 352.57 + kl 27.50 * 1.00) | Val 393.49 | Test 396.50 *
  Epoch  80 | Loss 380.03 (recon 352.68 + kl 27.35 * 1.00) | Val 393.88 | Test 396.32
  Epoch  82 | Loss 379.99 (recon 352.52 + kl 27.47 * 1.00) | Val 393.56 | Test 396.35 *
  Epoch  87 | Loss 379.76 (recon 352.23 + kl 27.54 * 1.00) | Val 393.40 | Test 396.46 *
  Epoch  89 | Loss 379.58 (recon 352.17 + kl 27.42 * 1.00) | Val 393.31 | Test 396.52 *
  Epoch  90 | Loss 379.58 (recon 352.14 + kl 27.44 * 1.00) | Val 393.31 | Test 396.45
  Epoch 100 | Loss 379.26 (recon 351.86 + kl 27.40 * 1.00) | Val 393.60 | Test 396.00
  Epoch 104 | Loss 379.45 (recon 352.04 + kl 27.41 * 1.00) | Val 393.09 | Test 396.08 *
  Epoch 110 | Loss 379.36 (recon 351.90 + kl 27.45 * 1.00) | Val 393.28 | Test 396.25
  Epoch 114 | Loss 379.29 (recon 351.85 + kl 27.44 * 1.00) | Val 393.37 | Test 396.22 *
  Epoch 120 | Loss 379.40 (recon 352.01 + kl 27.39 * 1.00) | Val 393.38 | Test 396.06
  Early stopping at epoch 129 (patience=15)

  Results for T7 (2008-2010):
    TC (NPMI):   -0.1085
    TD:          0.9905
    IRBO:        0.9961
    TQ:          -0.1074
    PPL (next):  890.49
    ρ_t:         0.2148
    Train time:  702.3s

============================================================
 Topics (T7 (2008-2010)): 50 topics
============================================================
  [ 0] spike, synaptic, presynaptic, postsynaptic, neuron, membrane, synapses, neurons, spikes, synapse
  [ 1] orientation, limit, decay, simple, match, prior, choices, gabor, basis, tuning
  [ 2] results, accuracy, shows, trained, firing, table, right, information, svm, bayes
  [ 3] christopher, speed, error, gps, function, task, extent, example, boolean, lagrange
  [ 4] layer, transformation, motion, second, frames, argmin, temporal, speech, hidden, output
  [ 5] dimensional, number, high, curse, models, dimensionality, search, model, document, probability
  [ 6] cue, occlusion, object, adagrad, var, sentences, utterance, linguistic, effect, hyperplane
  [ 7] space, kernel, owl, axon, procedure, advantages, way, extended, general, nonlinear
  [ 8] proceedings, conference, press, international, springer, ieee, cambridge, verlag, workshop, proc
  [ 9] classification, brain, cortex, session, control, model, subject, movement, robot, subjects
  [10] gradient, update, updates, descent, step, parameters, iteration, updated, updating, iterations
  [11] fourier, defined, coefficients, efficient, matrix, gaussian, degree, gumbel, satisfies, stable
  [12] figure, shows, plots, values, average, runs, plotted, versus, plot, bars
  [13] section, describe, paper, organized, description, present, describes, mmse, replica, patterns
  [14] figure, circles, camera, contains, points, space, principal, arrows, lines, structure
  [15] local, structure, networks, treewidth, increase, features, dimensionality, fully, markov, network
  [16] zero, value, lasso, improving, variance, sparse, residual, weights, norm, error
  [17] distribution, posterior, likelihood, wishart, resampling, hyperparameters, sampling, mcmc, gaussian, monte
  [18] bounds, theorem, bound, bounded, hypothesis, proof, colt, learning, algorithm, let
  [19] excitatory, orientation, conductance, inhibitory, phase, neurons, surround, location, currents, frequency
  [20] minimum, convergence, solution, lbp, point, local, bethe, unstable, problem, method
  [21] vector, denotes, distribution, assume, given, assumed, represents, mth, function, denote
  [22] sequences, speech, sequence, recognition, detect, known, eye, detecting, genome, chip
  [23] cortex, representations, lateral, visual, sensory, cortical, brain, strategy, formation, role
  [24] matrix, incoherence, activity, low, row, hebbian, noise, columns, rows, signal
  [25] local, curriculum, high, features, trajectories, initial, hidden, states, stuck, dimensional
  [26] presentation, obtained, cells, cortex, correlation, correlations, different, mutual, average, connectivity
  [27] images, object, fei, instances, bags, detection, positive, pascal, instance, training
  [28] touretzky, maximizer, mozer, information, solla, useful, components, zemel, ols, number
  [29] large, parallel, vlsi, real, processors, scale, memory, gpu, architecture, fire
  [30] let, following, lemma, proof, exists, inequality, theorem, follows, holds, proposition
  [31] khz, figure, electrodes, bandwidths, point, bandwidth, fixed, spectrum, power, bands
  [32] sequence, update, node, edges, neuron, nearest, algorithm, trial, compute, vectors
  [33] language, languages, corpus, word, words, english, sentences, document, documents, sentence
  [34] good, curves, understanding, correcting, codes, weak, method, scene, circuit, recognize
  [35] experiments, input, handwritten, set, real, digits, randomly, valued, ica, experiment
  [36] state, finite, input, behavior, classification, control, space, initial, states, define
  [37] similarity, stored, clustering, words, semantic, context, distance, match, similar, meanings
  [38] test, pearl, divergence, based, statistic, estimates, information, mmd, belief, bounds
  [39] related, tasks, paper, useful, selection, multi, regularization, assumption, estimation, task
  [40] optimization, convex, gradient, loss, bregman, hinge, constraints, function, convexity, descent
  [41] problem, solution, constraints, potentials, relaxation, propagation, variables, guaranteed, approximate, algorithm
  [42] kernel, linear, kernels, prox, experiments, rbf, repository, housing, computational, libsvm
  [43] dynamical, stimuli, change, dimensions, overlap, size, experiment, attractor, serial, greater
  [44] policy, reward, policies, agent, action, state, actions, mdp, reinforcement, mdps
  [45] hmm, likelihood, number, hmms, liang, motifs, sequence, sequences, hdp, grammar
  [46] market, likely, trading, scores, highest, good, sites, prices, quality, position
  [47] thank, supported, grant, comments, grants, nsf, acknowledgments, award, discussions, foundation
  [48] node, nodes, tree, specific, leaf, gate, type, parent, factor, variable
  [49] linear, signal, signals, transforms, compressed, fourier, wavelet, features, natural, estimate


────────────────────────────────────────────────────────────
 Timestamp 9/11: 2011-2013 (24259 train docs)
────────────────────────────────────────────────────────────
  Epoch   1 | Loss 460.06 (recon 457.24 + kl 84.81 * 0.03) | Val 537.88 | Test 521.78 *
  Epoch   2 | Loss 422.18 (recon 416.47 + kl 85.73 * 0.07) | Val 502.51 | Test 488.38 *
  Epoch   3 | Loss 407.79 (recon 400.05 + kl 77.35 * 0.10) | Val 477.38 | Test 463.47 *
  Epoch   4 | Loss 399.85 (recon 390.40 + kl 70.93 * 0.13) | Val 466.78 | Test 453.42 *
  Epoch   5 | Loss 395.27 (recon 384.21 + kl 66.38 * 0.17) | Val 453.87 | Test 440.56 *
  Epoch   6 | Loss 392.78 (recon 380.15 + kl 63.16 * 0.20) | Val 450.50 | Test 437.12 *
  Epoch   7 | Loss 391.14 (recon 377.02 + kl 60.53 * 0.23) | Val 444.90 | Test 431.93 *
  Epoch   8 | Loss 390.42 (recon 375.02 + kl 57.75 * 0.27) | Val 440.81 | Test 427.38 *
  Epoch   9 | Loss 390.01 (recon 373.33 + kl 55.61 * 0.30) | Val 436.25 | Test 423.15 *
  Epoch  10 | Loss 390.13 (recon 372.34 + kl 53.37 * 0.33) | Val 433.52 | Test 420.07 *
  Epoch  11 | Loss 390.28 (recon 371.43 + kl 51.39 * 0.37) | Val 432.23 | Test 419.19 *
  Epoch  12 | Loss 390.68 (recon 370.82 + kl 49.64 * 0.40) | Val 429.35 | Test 416.25 *
  Epoch  13 | Loss 391.20 (recon 370.49 + kl 47.81 * 0.43) | Val 427.95 | Test 415.03 *
  Epoch  15 | Loss 392.50 (recon 370.14 + kl 44.72 * 0.50) | Val 426.49 | Test 413.36 *
  Epoch  16 | Loss 393.02 (recon 370.01 + kl 43.13 * 0.53) | Val 423.45 | Test 410.30 *
  Epoch  17 | Loss 393.76 (recon 370.14 + kl 41.68 * 0.57) | Val 422.33 | Test 409.38 *
  Epoch  18 | Loss 394.57 (recon 370.33 + kl 40.40 * 0.60) | Val 421.88 | Test 408.73 *
  Epoch  20 | Loss 395.94 (recon 370.55 + kl 38.08 * 0.67) | Val 420.64 | Test 407.57 *
  Epoch  22 | Loss 397.33 (recon 371.10 + kl 35.77 * 0.73) | Val 419.75 | Test 407.04 *
  Epoch  23 | Loss 398.20 (recon 371.68 + kl 34.59 * 0.77) | Val 419.35 | Test 406.55 *
  Epoch  24 | Loss 398.97 (recon 372.00 + kl 33.72 * 0.80) | Val 418.59 | Test 405.57 *
  Epoch  30 | Loss 403.24 (recon 374.74 + kl 28.50 * 1.00) | Val 417.04 | Test 403.83
  Epoch  31 | Loss 401.84 (recon 373.70 + kl 28.14 * 1.00) | Val 414.77 | Test 401.77 *
  Epoch  34 | Loss 400.64 (recon 372.85 + kl 27.79 * 1.00) | Val 414.52 | Test 401.50 *
  Epoch  36 | Loss 400.38 (recon 372.67 + kl 27.71 * 1.00) | Val 414.42 | Test 401.30 *
  Epoch  39 | Loss 400.13 (recon 372.55 + kl 27.58 * 1.00) | Val 414.06 | Test 401.06 *
  Epoch  40 | Loss 400.10 (recon 372.46 + kl 27.64 * 1.00) | Val 413.94 | Test 400.82
  Epoch  46 | Loss 398.74 (recon 371.40 + kl 27.34 * 1.00) | Val 413.42 | Test 400.06 *
  Epoch  47 | Loss 398.44 (recon 371.21 + kl 27.23 * 1.00) | Val 413.06 | Test 400.07 *
  Epoch  49 | Loss 398.30 (recon 370.95 + kl 27.36 * 1.00) | Val 412.99 | Test 399.89 *
  Epoch  50 | Loss 398.03 (recon 370.94 + kl 27.09 * 1.00) | Val 413.09 | Test 400.15 *
  Epoch  57 | Loss 397.42 (recon 370.20 + kl 27.22 * 1.00) | Val 412.64 | Test 399.65 *
  Epoch  58 | Loss 397.13 (recon 370.02 + kl 27.11 * 1.00) | Val 412.55 | Test 399.56 *
  Epoch  60 | Loss 397.33 (recon 370.21 + kl 27.11 * 1.00) | Val 412.78 | Test 399.60
  Epoch  63 | Loss 396.99 (recon 369.91 + kl 27.08 * 1.00) | Val 412.48 | Test 399.43 *
  Epoch  67 | Loss 396.99 (recon 369.86 + kl 27.13 * 1.00) | Val 412.39 | Test 399.41 *
  Epoch  70 | Loss 396.87 (recon 369.79 + kl 27.08 * 1.00) | Val 412.66 | Test 399.54
  Epoch  76 | Loss 396.73 (recon 369.60 + kl 27.12 * 1.00) | Val 412.24 | Test 399.07 *
  Epoch  80 | Loss 396.50 (recon 369.40 + kl 27.10 * 1.00) | Val 412.24 | Test 399.15
  Epoch  84 | Loss 396.31 (recon 369.30 + kl 27.01 * 1.00) | Val 412.03 | Test 399.02 *
  Epoch  87 | Loss 396.26 (recon 369.23 + kl 27.02 * 1.00) | Val 411.96 | Test 399.09 *
  Epoch  90 | Loss 396.40 (recon 369.37 + kl 27.02 * 1.00) | Val 412.32 | Test 399.19
  Epoch  95 | Loss 396.31 (recon 369.22 + kl 27.09 * 1.00) | Val 411.93 | Test 399.22 *
  Epoch 100 | Loss 396.08 (recon 369.05 + kl 27.03 * 1.00) | Val 412.14 | Test 399.16
  Epoch 101 | Loss 396.21 (recon 369.24 + kl 26.97 * 1.00) | Val 411.89 | Test 399.15 *
  Epoch 103 | Loss 396.12 (recon 369.05 + kl 27.07 * 1.00) | Val 412.06 | Test 399.14 *
  Epoch 110 | Loss 396.14 (recon 369.08 + kl 27.07 * 1.00) | Val 412.13 | Test 398.96
  Early stopping at epoch 118 (patience=15)

  Results for T8 (2011-2013):
    TC (NPMI):   -0.1113
    TD:          0.9901
    IRBO:        0.9959
    TQ:          -0.1102
    PPL (next):  870.73
    ρ_t:         0.1995
    Train time:  857.1s

============================================================
 Topics (T8 (2011-2013)): 50 topics
============================================================
  [ 0] synaptic, spike, neuron, voltage, membrane, presynaptic, postsynaptic, spiking, neurons, spikes
  [ 1] prior, weights, simple, choice, dominance, choose, biased, good, tuning, priors
  [ 2] results, average, compared, trained, error, award, table, sloan, obtained, performance
  [ 3] system, sigkdd, right, output, capacitor, functional, approximation, digital, error, dynamical
  [ 4] layer, speech, temporal, classifier, sequences, hinton, layers, unsupervised, phrase, backpropagation
  [ 5] words, model, large, svi, word, bound, bic, dirichlet, dimensionality, entropy
  [ 6] kurtosis, object, robot, change, normal, reference, frame, example, dominance, orientation
  [ 7] original, direct, function, valued, sem, representation, ing, nonlinear, viewed, occupancy
  [ 8] proceedings, conference, ieee, international, press, springer, journal, pages, cambridge, editors
  [ 9] eye, direction, movements, robot, movement, motor, subjects, brain, subject, stimulus
  [10] gradient, update, descent, step, stochastic, updates, iteration, gradients, parameters, convergence
  [11] matrix, case, models, random, linear, degree, product, distribution, lds, includes
  [12] figure, shows, dashed, shown, averaged, average, indicates, plots, solid, dotted
  [13] section, paper, sections, following, derived, organized, regression, empirical, present, tion
  [14] figure, camera, left, circle, visualize, points, example, red, correspond, blue
  [15] observed, information, structure, local, correct, hidden, dimensionality, structural, ensemble, graph
  [16] effect, difference, deng, regularization, term, regularizer, penalty, results, importance, plain
  [17] neal, update, covariance, variance, equation, samples, sampler, step, ancestor, copulas
  [18] theorem, freund, pac, bounds, halfspaces, examples, case, balcan, tsybakov, loss
  [19] receptive, input, space, channels, preferred, lgn, excitatory, frequencies, frequency, moving
  [20] point, convergence, convergent, system, newton, method, boyd, gradient, descent, solution
  [21] vector, denote, denotes, distribution, assume, given, associated, shorthand, function, let
  [22] speech, brain, sequence, activity, subjects, electrodes, computer, imaging, applications, neuroimaging
  [23] sensory, components, architecture, cortex, representations, connections, receptive, complex, physiology, ica
  [24] matrix, synaptic, synapses, low, norm, rule, postsynaptic, requires, rules, success
  [25] units, velocity, complex, unit, high, energy, state, sampler, samplers, features
  [26] single, rate, clustering, information, app, binding, luxburg, network, clusterings, estimate
  [27] object, class, images, detectors, objects, training, detector, viewpoint, instances, appearance
  [28] touretzky, jeffrey, mateo, platt, fact, editors, giles, number, hand, numerator
  [29] large, computers, networks, chip, real, network, hardware, compiler, nvidia, applications
  [30] let, lemma, following, theorem, proof, holds, exists, follows, implies, inequality
  [31] power, time, spherical, coreset, ghz, angle, frequency, times, construction, experiments
  [32] output, input, sequence, weights, prediction, end, weight, new, symposium, compute
  [33] language, english, word, documents, words, news, people, web, languages, articles
  [34] information, blind, image, error, reconstruction, inpainting, growing, good, allocate, training
  [35] digits, real, experiments, handwritten, input, consists, contains, unit, data, digit
  [36] lecture, berlin, notes, probability, equations, decreases, rule, input, zero, external
  [37] similarity, memory, similarities, image, descriptor, retrieval, hashing, codes, approximation, iccv
  [38] test, marginals, order, approximations, theory, inference, tests, intractable, expressivity, general
  [39] paper, applications, structure, assumption, propose, real, wide, data, proposed, parametric
  [40] convex, exponentiated, gradient, descent, norm, subgradients, warmuth, nonconvex, problems, loss
  [41] inference, bethe, approximate, energy, assignment, exact, variables, loopy, problem, segmentation
  [42] kernel, space, svm, variables, regression, trees, linear, use, experiments, fold
  [43] new, anchors, process, clusters, screening, cluster, jump, motion, reversible, parameter
  [44] policy, actions, reward, action, mdp, policies, state, rewards, mdps, reinforcement
  [45] hmms, hmm, transition, sequences, linguistics, number, states, true, sequence, state
  [46] network, prices, market, stock, prediction, high, networks, stability, predicting, planted
  [47] thank, grant, supported, foundation, grants, comments, funded, work, helpful, acknowledge
  [48] node, nodes, leaf, child, parents, detected, level, rooted, parts, cliques
  [49] high, transform, signal, dimensional, robust, matrix, pca, low, linear, solution


────────────────────────────────────────────────────────────
 Timestamp 10/11: 2014-2016 (31179 train docs)
────────────────────────────────────────────────────────────
  Epoch   1 | Loss 473.65 (recon 470.56 + kl 92.86 * 0.03) | Val 527.71 | Test 535.21 *
  Epoch   2 | Loss 434.01 (recon 428.02 + kl 89.85 * 0.07) | Val 501.77 | Test 508.82 *
  Epoch   3 | Loss 420.07 (recon 412.05 + kl 80.16 * 0.10) | Val 484.02 | Test 490.90 *
  Epoch   4 | Loss 413.19 (recon 403.38 + kl 73.56 * 0.13) | Val 472.80 | Test 479.80 *
  Epoch   5 | Loss 409.66 (recon 398.09 + kl 69.37 * 0.17) | Val 467.23 | Test 474.02 *
  Epoch   6 | Loss 407.79 (recon 394.66 + kl 65.67 * 0.20) | Val 459.35 | Test 466.10 *
  Epoch   7 | Loss 406.93 (recon 392.26 + kl 62.87 * 0.23) | Val 455.33 | Test 462.14 *
  Epoch   8 | Loss 406.64 (recon 390.61 + kl 60.11 * 0.27) | Val 451.50 | Test 458.44 *
  Epoch   9 | Loss 406.78 (recon 389.54 + kl 57.46 * 0.30) | Val 448.61 | Test 455.34 *
  Epoch  10 | Loss 407.14 (recon 388.82 + kl 54.98 * 0.33) | Val 445.30 | Test 451.79 *
  Epoch  11 | Loss 407.64 (recon 388.23 + kl 52.93 * 0.37) | Val 443.87 | Test 450.53 *
  Epoch  12 | Loss 408.24 (recon 387.85 + kl 50.97 * 0.40) | Val 441.55 | Test 448.34 *
  Epoch  13 | Loss 409.02 (recon 387.79 + kl 48.97 * 0.43) | Val 440.06 | Test 446.71 *
  Epoch  14 | Loss 409.69 (recon 387.69 + kl 47.14 * 0.47) | Val 440.83 | Test 447.44 *
  Epoch  15 | Loss 410.47 (recon 387.68 + kl 45.57 * 0.50) | Val 438.42 | Test 444.82 *
  Epoch  16 | Loss 411.35 (recon 387.87 + kl 44.02 * 0.53) | Val 435.67 | Test 442.28 *
  Epoch  17 | Loss 412.16 (recon 387.99 + kl 42.65 * 0.57) | Val 434.76 | Test 441.49 *
  Epoch  18 | Loss 413.08 (recon 388.43 + kl 41.08 * 0.60) | Val 432.48 | Test 439.19 *
  Epoch  20 | Loss 414.93 (recon 389.18 + kl 38.62 * 0.67) | Val 431.89 | Test 438.56
  Epoch  21 | Loss 415.61 (recon 389.42 + kl 37.41 * 0.70) | Val 430.91 | Test 437.42 *
  Epoch  30 | Loss 421.30 (recon 392.35 + kl 28.96 * 1.00) | Val 426.59 | Test 433.56
  Epoch  32 | Loss 420.81 (recon 392.31 + kl 28.51 * 1.00) | Val 426.35 | Test 433.21 *
  Epoch  36 | Loss 420.42 (recon 392.23 + kl 28.19 * 1.00) | Val 426.32 | Test 433.18 *
  Epoch  39 | Loss 419.48 (recon 391.63 + kl 27.84 * 1.00) | Val 425.80 | Test 432.25 *
  Epoch  40 | Loss 419.20 (recon 391.39 + kl 27.81 * 1.00) | Val 425.67 | Test 432.31
  Epoch  41 | Loss 419.07 (recon 391.17 + kl 27.89 * 1.00) | Val 425.32 | Test 431.92 *
  Epoch  45 | Loss 418.79 (recon 391.03 + kl 27.76 * 1.00) | Val 425.18 | Test 432.00 *
  Epoch  46 | Loss 418.79 (recon 391.04 + kl 27.76 * 1.00) | Val 425.19 | Test 431.94 *
  Epoch  48 | Loss 418.61 (recon 390.91 + kl 27.70 * 1.00) | Val 424.79 | Test 431.80 *
  Epoch  50 | Loss 418.49 (recon 390.82 + kl 27.67 * 1.00) | Val 424.93 | Test 432.16
  Epoch  51 | Loss 418.34 (recon 390.65 + kl 27.69 * 1.00) | Val 425.12 | Test 432.01 *
  Epoch  54 | Loss 418.24 (recon 390.58 + kl 27.66 * 1.00) | Val 425.30 | Test 431.75 *
  Epoch  58 | Loss 417.86 (recon 390.25 + kl 27.61 * 1.00) | Val 424.80 | Test 431.46 *
  Epoch  59 | Loss 417.65 (recon 390.11 + kl 27.55 * 1.00) | Val 424.60 | Test 431.54 *
  Epoch  60 | Loss 417.79 (recon 390.17 + kl 27.62 * 1.00) | Val 424.48 | Test 431.37 *
  Epoch  68 | Loss 417.26 (recon 389.81 + kl 27.45 * 1.00) | Val 424.49 | Test 431.17 *
  Epoch  69 | Loss 417.20 (recon 389.70 + kl 27.50 * 1.00) | Val 424.27 | Test 431.01 *
  Epoch  70 | Loss 417.32 (recon 389.84 + kl 27.49 * 1.00) | Val 424.48 | Test 430.95
  Epoch  73 | Loss 417.06 (recon 389.59 + kl 27.47 * 1.00) | Val 424.28 | Test 431.24 *
  Epoch  74 | Loss 417.15 (recon 389.65 + kl 27.51 * 1.00) | Val 424.33 | Test 431.28 *
  Epoch  80 | Loss 416.99 (recon 389.45 + kl 27.54 * 1.00) | Val 424.24 | Test 431.12 *
  Epoch  90 | Loss 416.94 (recon 389.42 + kl 27.51 * 1.00) | Val 424.30 | Test 430.76
  Early stopping at epoch 95 (patience=15)

  Results for T9 (2014-2016):
    TC (NPMI):   -0.1067
    TD:          0.9899
    IRBO:        0.9960
    TQ:          -0.1056
    PPL (next):  847.09
    ρ_t:         0.1866
    Train time:  833.0s

============================================================
 Topics (T9 (2014-2016)): 50 topics
============================================================
  [ 0] synaptic, voltage, excitatory, spike, spiking, membrane, inhibitory, time, neuron, spikes
  [ 1] antonoglou, hassabis, choice, kernels, silver, kavukcuoglu, bellemare, receptive, wavelet, tend
  [ 2] obtained, table, results, combined, svm, gain, average, bayes, shown, performance
  [ 3] signal, gnn, value, voxel, multilinear, single, classification, values, tucker, order
  [ 4] recognition, character, image, characters, speech, recurrent, network, kingma, vae, architecture
  [ 5] model, asymptotic, parameters, population, elbo, lower, preferred, local, dirichlet, global
  [ 6] intention, zhao, observer, confounders, explain, warped, model, turns, ica, confounding
  [ 7] ppca, space, nonlinear, odes, framework, omp, antonoglou, mappings, construct, function
  [ 8] proceedings, conference, international, pages, ieee, springer, editors, press, acm, icml
  [ 9] motor, robot, control, eye, location, search, task, robotics, humans, goal
  [10] gradient, descent, update, iteration, iterations, convergence, updates, step, gradients, rate
  [11] random, vector, exchangeable, gaussian, power, interaction, indian, ibp, general, matrix
  [12] figure, shows, shown, plot, plotted, trials, bars, plots, indicates, solid
  [13] present, section, detail, follows, empirical, royal, consists, derive, procedure, algorithm
  [14] figure, correspond, data, gray, manifold, depicted, lie, structure, topology, vertical
  [15] local, information, kakade, observation, global, state, minima, estimation, principle, accurate
  [16] error, reweighting, capacitor, uniform, effect, generalization, regularization, schemes, original, variance
  [17] equation, likelihood, posterior, estimates, hastings, monte, step, gradient, carlo, covariance
  [18] colt, hypothesis, generalization, theorem, setting, algorithm, learner, learning, examples, bounds
  [19] receptive, input, figure, output, scale, outputs, selectivity, gate, position, channel
  [20] convergence, point, unstable, nonsmooth, case, theory, special, nonconvex, critical, abadi
  [21] vector, function, represented, represents, denotes, modeled, assume, given, associated, distribution
  [22] speech, individual, medical, speaker, muscle, eeg, classification, speakers, fmri, ieee
  [23] fashion, hebbian, sensory, units, simultaneously, learning, neurons, representations, recognition, plasticity
  [24] error, matrix, signal, exactly, trace, noise, snr, early, case, planted
  [25] probability, high, rbm, unit, good, space, likely, hidden, regions, current
  [26] european, programme, shown, interesting, council, information, similarity, correlation, academy, grant
  [27] object, categories, images, detector, training, negatives, category, pascal, voc, visual
  [28] information, roweis, curran, values, weinberger, saul, editors, hand, range, eds
  [29] large, hardware, gpus, chip, neuromorphic, mobile, computer, devices, variety, deployment
  [30] lemma, let, following, inequality, proof, theorem, follows, holds, note, implies
  [31] major, power, bandwidth, use, khz, experiments, divided, method, run, collections
  [32] sigkdd, input, output, point, corresponding, synapse, find, sort, end, compute
  [33] language, word, words, corpus, english, phrases, linguistics, sentences, sentence, phrase
  [34] information, goodfellow, network, levels, produce, infinite, unsuitable, yoshua, design, segmentation
  [35] hidden, experiments, real, values, value, randomly, random, python, scikit, unit
  [36] memories, internal, noise, berlin, lecture, measure, cost, threshold, attractor, attractors
  [37] similarity, space, mapping, clustering, points, similar, features, representations, memory, hashing
  [38] morgan, order, based, monte, probabilistic, carlo, mcmc, chernoff, integration, properties
  [39] relationship, rkhs, learning, parametric, relationships, transferable, kernel, proposed, link, knowledge
  [40] convex, optimization, problems, norm, gradient, relaxations, thank, loss, descent, like
  [41] problem, relaxation, energy, constraints, cut, bethe, relaxations, posteriori, approximation, minimization
  [42] linear, features, feature, svm, table, method, cpu, sdca, libsvm, methods
  [43] process, new, single, motion, direction, continuation, future, volumes, directions, step
  [44] policy, actions, action, reward, policies, agent, mdp, rewards, regret, mdps
  [45] hmm, state, algorithm, markov, empirical, space, number, representations, representation, states
  [46] change, likely, social, privacy, ratings, users, good, sensitivity, mae, ads
  [47] thank, funded, discussions, like, grateful, grant, supported, foundation, research, work
  [48] parents, nodes, node, children, rooted, recursive, contains, edges, search, tree
  [49] problem, low, signal, recht, linear, orthogonal, dimensional, subject, transform, projection


────────────────────────────────────────────────────────────
 Timestamp 11/11: 2017-2019 (79263 train docs)
────────────────────────────────────────────────────────────
  Epoch   1 | Loss 444.77 (recon 441.35 + kl 102.43 * 0.03) | Val 517.71 | Test 522.38 *
  Epoch   2 | Loss 408.73 (recon 402.48 + kl 93.68 * 0.07) | Val 483.34 | Test 487.76 *
  Epoch   3 | Loss 400.99 (recon 392.53 + kl 84.57 * 0.10) | Val 468.29 | Test 472.53 *
  Epoch   4 | Loss 398.72 (recon 388.24 + kl 78.59 * 0.13) | Val 458.22 | Test 462.69 *
  Epoch   5 | Loss 398.19 (recon 385.97 + kl 73.33 * 0.17) | Val 452.48 | Test 456.86 *
  Epoch   6 | Loss 398.32 (recon 384.54 + kl 68.90 * 0.20) | Val 448.67 | Test 453.13 *
  Epoch   7 | Loss 399.03 (recon 383.83 + kl 65.16 * 0.23) | Val 444.49 | Test 448.74 *
  Epoch   8 | Loss 400.01 (recon 383.49 + kl 61.95 * 0.27) | Val 440.31 | Test 444.56 *
  Epoch   9 | Loss 401.13 (recon 383.45 + kl 58.94 * 0.30) | Val 438.28 | Test 442.35 *
  Epoch  10 | Loss 402.21 (recon 383.45 + kl 56.29 * 0.33) | Val 434.11 | Test 438.42 *
  Epoch  11 | Loss 403.46 (recon 383.71 + kl 53.86 * 0.37) | Val 435.11 | Test 439.32 *
  Epoch  12 | Loss 404.69 (recon 384.04 + kl 51.64 * 0.40) | Val 430.93 | Test 435.25 *
  Epoch  14 | Loss 407.17 (recon 385.01 + kl 47.49 * 0.47) | Val 429.52 | Test 433.85 *
  Epoch  15 | Loss 408.43 (recon 385.58 + kl 45.70 * 0.50) | Val 427.52 | Test 431.75 *
  Epoch  17 | Loss 410.85 (recon 386.81 + kl 42.41 * 0.57) | Val 425.91 | Test 430.15 *
  Epoch  19 | Loss 412.98 (recon 388.02 + kl 39.40 * 0.63) | Val 424.75 | Test 429.02 *
  Epoch  20 | Loss 414.00 (recon 388.61 + kl 38.08 * 0.67) | Val 423.77 | Test 427.91
  Epoch  30 | Loss 422.14 (recon 393.98 + kl 28.15 * 1.00) | Val 419.77 | Test 423.89
  Early stopping at epoch 34 (patience=15)

  Results for T10 (2017-2019):
    TC (NPMI):   -0.1131
    TD:          0.9955
    IRBO:        0.9983
    TQ:          -0.1126
    ρ_t:         0.1756
    Train time:  796.5s

============================================================
 Topics (T10 (2017-2019)): 50 topics
============================================================
  [ 0] excitatory, membrane, spike, inhibitory, spiking, synaptic, spikes, stimulus, voltage, postsynaptic
  [ 1] nature, zero, regular, exact, weights, prior, grid, networks, normative, kernel
  [ 2] table, reported, highest, use, results, uses, area, std, report, mean
  [ 3] single, tucker, knowledge, error, equations, intermediate, equation, working, als, water
  [ 4] sequence, length, frames, term, phoneme, frame, use, kingma, sequences, joints
  [ 5] model, gmms, multinomial, retrieval, luce, words, dimensionality, wainwright, priors, word
  [ 6] perceive, model, categorization, direction, moving, alice, texture, willing, dbm, expects
  [ 7] mapping, space, admm, compiler, optimizations, dags, larochelle, easily, enhancement, based
  [ 8] proceedings, pages, conference, international, michael, editors, ieee, acm, usa, url
  [ 9] relative, stimulus, loop, provides, recorded, location, locations, orientation, fmri, monkey
  [10] gradient, update, descent, iterations, gradients, updates, convergence, step, rate, iteration
  [11] product, matrices, matrix, hadamard, multiplication, transforms, polynomials, gates, expressive, mechanism
  [12] figure, shows, plot, plotted, dashed, plots, versus, table, indicated, indicates
  [13] present, section, follows, experiments, framework, following, describes, fire, begin, describe
  [14] data, manifold, figure, structure, space, correspond, example, captured, geodesic, planes
  [15] neurips, attributed, observations, information, gcn, representation, state, neighborhood, graph, observation
  [16] adding, reweighting, regularization, sparseness, bias, penalty, induce, variance, weight, degradation
  [17] variance, wishart, single, datapoint, likelihood, forward, covariance, marginalizing, distribution, gaussian
  [18] theorem, learner, algorithm, halfspaces, realizable, bound, bounded, hypothesis, bounds, setting
  [19] spatial, cell, input, receptive, attention, location, unit, channel, convolution, layer
  [20] system, convergence, analyzed, linear, converge, converges, analysis, convergent, yuan, gradient
  [21] represents, vector, representing, modeled, denotes, represented, represent, denote, denoting, formulated
  [22] acoustic, transcription, biomedical, subjects, speech, typically, dna, muscle, brain, studies
  [23] cca, representations, way, multiple, parts, representational, components, simultaneously, aiming, collaborative
  [24] cai, matrix, collins, alarm, synaptic, sparse, rows, failing, entries, sdp
  [25] high, produce, salakhutdinov, desired, engineered, highly, able, accurately, extremely, produces
  [26] panel, publishers, involved, obtained, pathway, information, interesting, genes, analog, carries
  [27] object, images, detectors, detector, face, class, voc, cropped, classes, gist
  [28] garnett, sugiyama, luxburg, curran, roweis, guyon, fergus, stick, eds, vishwanathan
  [29] hardware, speedup, mobile, devices, gpu, computation, device, packing, applications, parallelization
  [30] lemma, let, holds, implies, exists, following, inequality, proof, theorem, putting
  [31] burn, frequency, scheme, fourier, power, anomalies, lloyd, coreset, partitioning, centers
  [32] subtree, correct, broken, consistent, closest, current, sort, sequence, stored, find
  [33] language, sentences, words, corpus, sentence, languages, sentiment, word, articles, text
  [34] specially, network, order, psnr, information, blurry, cat, ian, distinguish, distinguishing
  [35] experiments, use, consist, consists, usps, mnist, algorithms, hidden, ica, components
  [36] pushed, attractor, expand, weight, walker, inputs, bifurcation, behaviour, propagation, noise
  [37] similarity, approximation, feature, reduction, clustering, descriptors, dissimilarity, sift, closest, representation
  [38] bounds, based, integration, quantities, propositional, closeness, borel, numerical, statistical, measures
  [39] knowledge, sigkdd, sparse, covariance, proposed, relationships, web, applicable, handle, parametric
  [40] optimization, convex, regularizer, gradient, bregman, regularizers, norm, natural, descent, steepest
  [41] potentials, bethe, loopy, matroid, inference, marginals, constraints, exact, submodular, relaxations
  [42] trees, libsvm, uci, space, svm, rbf, number, search, tree, cpu
  [43] periods, period, downsampling, time, context, remain, start, series, retains, gradual
  [44] policy, reward, actions, rewards, agent, action, mdp, mdps, exploration, policies
  [45] hmms, data, match, emission, likelihood, mismatch, short, hmm, learned, true
  [46] market, change, social, users, community, ratings, pagerank, good, kdd, records
  [47] thank, grant, like, work, funded, supported, discussions, award, grateful, comments
  [48] graph, subgraph, edges, pearl, parents, clique, parent, directed, compilation, modules
  [49] approximately, values, value, linear, ols, erm, lifting, orthonormal, contaminated, versus


======================================================================
 Final Summary
======================================================================
  Avg TC (NPMI):  -0.1617
  Avg TD:         0.9928
  Avg IRBO:       0.9972
  Avg TQ:         -0.1608
  TQ (paper):     -0.1608
  TTS (Jaccard):  0.1741
  TTS (paper):    0.2660
  Avg PPL:        1080.52

  Global memory saved to outputs_k50_v2/final_global_memory (step=11)

============================================================
 Topics (Final Global): 50 topics
============================================================
  [ 0] spike, synaptic, membrane, postsynaptic, neuron, spikes, voltage, spiking, presynaptic, neurons
  [ 1] weights, prior, receptive, choice, decay, simple, good, zero, values, kernels
  [ 2] table, results, trained, shows, obtained, performance, mean, better, accuracy, roc
  [ 3] error, function, data, single, equations, system, knowledge, values, equation, output
  [ 4] sequence, speech, frame, frames, sequences, temporal, length, recognition, use, series
  [ 5] model, high, lower, dimensionality, bound, dimensional, models, number, words, retrieval
  [ 6] model, object, direction, change, motion, moving, humans, case, observer, shape
  [ 7] space, mapping, nonlinear, function, method, framework, clustering, general, original, continuous
  [ 8] proceedings, conference, international, ieee, pages, press, editors, springer, cambridge, advances
  [ 9] motor, robot, control, cortex, movement, movements, brain, velocity, visual, kinematics
  [10] gradient, update, descent, updates, iterations, step, iteration, convergence, updated, rate
  [11] matrix, gaussian, product, functions, fourier, linear, matrices, degree, basis, random
  [12] figure, shows, dashed, plot, plots, plotted, solid, averaged, average, versus
  [13] section, present, paper, follows, organized, describe, derive, describes, brief, experimental
  [14] figure, space, data, correspond, left, manifold, circles, images, points, structure
  [15] information, local, observation, structure, hidden, state, markov, observed, representation, graph
  [16] error, bias, variance, weight, weights, weighting, term, effect, results, regularization
  [17] likelihood, variance, covariance, distribution, gaussian, posterior, update, gradient, step, equation
  [18] theorem, bounds, hypothesis, bound, learner, examples, pac, bounded, algorithm, let
  [19] receptive, cells, input, cell, spatial, excitatory, figure, inhibition, inhibitory, frequency
  [20] convergence, system, point, case, converge, saddle, descent, method, critical, unstable
  [21] vector, represents, distribution, denotes, denote, given, assume, function, let, represented
  [22] speech, eeg, brain, recognition, subjects, acoustic, signals, signal, sequence, typically
  [23] representations, sensory, cortex, cortical, neurons, hebbian, components, areas, unsupervised, connections
  [24] matrix, signal, synaptic, weights, rows, noise, phase, error, sparse, algorithm
  [25] high, states, units, unit, hidden, state, regions, probability, dimensional, produce
  [26] information, left, right, cluster, correlation, obtained, shown, cells, correlated, clustering
  [27] object, images, objects, training, class, image, test, examples, face, classes
  [28] information, editors, number, values, easily, advances, important, components, term, fact
  [29] hardware, large, chip, real, mobile, applications, computer, devices, computers, parallel
  [30] let, lemma, following, theorem, proof, holds, exists, inequality, implies, follows
  [31] power, run, figure, frequency, times, data, points, left, chosen, experiments
  [32] sequence, output, node, prediction, new, point, update, current, compute, input
  [33] language, words, word, english, corpus, sentences, sentence, languages, phrases, linguistic
  [34] information, network, good, order, image, function, networks, training, code, codes
  [35] experiments, hidden, real, units, unit, input, randomly, consists, set, ica
  [36] noise, state, initial, states, control, attractor, controller, system, attractors, parameter
  [37] similarity, memory, feature, space, representation, representations, clustering, image, features, objects
  [38] bounds, based, inference, monte, carlo, approximations, exact, measures, error, quantities
  [39] paper, learning, proposed, parametric, knowledge, regression, propose, methods, method, applications
  [40] convex, optimization, gradient, descent, loss, norm, problems, bregman, regularization, divergences
  [41] problem, constraints, solution, relaxation, inference, potentials, optimization, exact, solutions, bethe
  [42] space, kernel, linear, svm, trees, regression, feature, tree, rbf, number
  [43] time, new, process, sequential, processes, task, step, experiment, steps, motion
  [44] policy, actions, reward, action, agent, policies, mdp, rewards, state, reinforcement
  [45] hmm, hmms, likelihood, transition, states, state, data, parameters, clustering, sequences
  [46] market, good, change, likely, social, prediction, network, predict, quality, important
  [47] thank, supported, grant, discussions, grateful, work, funded, comments, foundation, helpful
  [48] node, nodes, parents, edges, tree, child, parent, graph, children, clique
  [49] linear, signal, fourier, solution, image, problem, transform, high, matrix, low


 Done! Results saved to outputs_k50_v2/

========== ALL DONE ==========
